dim_AD_UNIT,dim_APP,dim_COUNTRY,dim_DATE,dim_PLATFORM,met_AD_REQUESTS,met_CLICKS,met_ESTIMATED_EARNINGS,met_IMPRESSIONS,met_MATCHED_REQUESTS
ca-app-pub-7891478850122465/6565020438,ca-app-pub-7891478850122465~6704621236,AE,20260415,iOS,6,0,0,0,6
ca-app-pub-7891478850122465/8171033829,ca-app-pub-7891478850122465~6704621236,AE,20260415,iOS,1,0,1655,1,1
ca-app-pub-7891478850122465/1859860932,ca-app-pub-7891478850122465~6704621236,BR,20260415,iOS,3,0,0,0,3
ca-app-pub-7891478850122465/6565020438,ca-app-pub-7891478850122465~6704621236,BR,20260415,iOS,3,0,0,0,3
ca-app-pub-7891478850122465/6721664164,ca-app-pub-7891478850122465~6704621236,BR,20260415,iOS,3,0,0,0,3
ca-app-pub-7891478850122465/8171033829,ca-app-pub-7891478850122465~6704621236,BR,20260415,iOS,1,2,663,1,1
ca-app-pub-7891478850122465/1859860932,ca-app-pub-7891478850122465~6704621236,CA,20260415,iOS,3,0,0,0,3
ca-app-pub-7891478850122465/6565020438,ca-app-pub-7891478850122465~6704621236,CA,20260415,iOS,3,0,0,0,3
ca-app-pub-7891478850122465/6721664164,ca-app-pub-7891478850122465~6704621236,CA,20260415,iOS,3,0,0,0,3
ca-app-pub-7891478850122465/1859860932,ca-app-pub-7891478850122465~6704621236,CH,20260415,iOS,2,0,0,0,2
ca-app-pub-7891478850122465/6565020438,ca-app-pub-7891478850122465~6704621236,CH,20260415,iOS,2,0,0,0,2
ca-app-pub-7891478850122465/6721664164,ca-app-pub-7891478850122465~6704621236,CH,20260415,iOS,2,0,0,0,2
ca-app-pub-7891478850122465/1859860932,ca-app-pub-7891478850122465~6704621236,CI,20260415,iOS,1,0,0,0,1
ca-app-pub-7891478850122465/6565020438,ca-app-pub-7891478850122465~6704621236,CI,20260415,iOS,1,0,0,0,1
ca-app-pub-7891478850122465/6721664164,ca-app-pub-7891478850122465~6704621236,CI,20260415,iOS,1,0,0,0,1
ca-app-pub-7891478850122465/8171033829,ca-app-pub-7891478850122465~6704621236,CI,20260415,iOS,1,0,890,1,1
ca-app-pub-7891478850122465/1859860932,ca-app-pub-7891478850122465~6704621236,GB,20260415,iOS,4,0,0,0,4
ca-app-pub-7891478850122465/6565020438,ca-app-pub-7891478850122465~6704621236,GB,20260415,iOS,4,0,0,0,4
ca-app-pub-7891478850122465/6721664164,ca-app-pub-7891478850122465~6704621236,GB,20260415,iOS,4,0,0,0,4
ca-app-pub-7891478850122465/1859860932,ca-app-pub-7891478850122465~6704621236,GH,20260415,iOS,1,0,0,0,1
ca-app-pub-7891478850122465/6565020438,ca-app-pub-7891478850122465~6704621236,GH,20260415,iOS,2,0,0,0,2
ca-app-pub-7891478850122465/6721664164,ca-app-pub-7891478850122465~6704621236,GH,20260415,iOS,2,0,0,0,2
ca-app-pub-7891478850122465/1859860932,ca-app-pub-7891478850122465~6704621236,GT,20260415,iOS,1,0,0,0,1
ca-app-pub-7891478850122465/6565020438,ca-app-pub-7891478850122465~6704621236,GT,20260415,iOS,1,0,0,0,1
ca-app-pub-7891478850122465/6721664164,ca-app-pub-7891478850122465~6704621236,GT,20260415,iOS,1,0,0,0,1
ca-app-pub-7891478850122465/8171033829,ca-app-pub-7891478850122465~6704621236,GT,20260415,iOS,1,1,1472,1,1
ca-app-pub-7891478850122465/1859860932,ca-app-pub-7891478850122465~6704621236,IN,20260415,iOS,3,0,0,0,3
ca-app-pub-7891478850122465/6565020438,ca-app-pub-7891478850122465~6704621236,IN,20260415,iOS,3,0,0,0,3
ca-app-pub-7891478850122465/6721664164,ca-app-pub-7891478850122465~6704621236,IN,20260415,iOS,3,0,0,0,3
ca-app-pub-7891478850122465/8171033829,ca-app-pub-7891478850122465~6704621236,IN,20260415,iOS,3,1,1449,3,3
ca-app-pub-7891478850122465/1859860932,ca-app-pub-7891478850122465~6704621236,IQ,20260415,iOS,1,0,0,0,1
ca-app-pub-7891478850122465/6565020438,ca-app-pub-7891478850122465~6704621236,IQ,20260415,iOS,1,0,0,0,1
ca-app-pub-7891478850122465/6721664164,ca-app-pub-7891478850122465~6704621236,IQ,20260415,iOS,1,0,0,0,1
ca-app-pub-7891478850122465/1859860932,ca-app-pub-7891478850122465~6704621236,IT,20260415,iOS,8,0,0,0,8
ca-app-pub-7891478850122465/6565020438,ca-app-pub-7891478850122465~6704621236,IT,20260415,iOS,9,0,0,0,9
ca-app-pub-7891478850122465/6721664164,ca-app-pub-7891478850122465~6704621236,IT,20260415,iOS,8,0,0,0,8
ca-app-pub-7891478850122465/8171033829,ca-app-pub-7891478850122465~6704621236,IT,20260415,iOS,7,0,2348,4,7
ca-app-pub-7891478850122465/1859860932,ca-app-pub-7891478850122465~6704621236,KR,20260415,iOS,1,0,0,0,1
ca-app-pub-7891478850122465/6565020438,ca-app-pub-7891478850122465~6704621236,KR,20260415,iOS,1,0,0,0,1
ca-app-pub-7891478850122465/6721664164,ca-app-pub-7891478850122465~6704621236,KR,20260415,iOS,1,0,0,0,1
ca-app-pub-7891478850122465/1859860932,ca-app-pub-7891478850122465~6704621236,KZ,20260415,iOS,1,0,0,0,1
ca-app-pub-7891478850122465/6565020438,ca-app-pub-7891478850122465~6704621236,KZ,20260415,iOS,1,0,0,0,1
ca-app-pub-7891478850122465/6721664164,ca-app-pub-7891478850122465~6704621236,KZ,20260415,iOS,1,0,0,0,1
ca-app-pub-7891478850122465/1859860932,ca-app-pub-7891478850122465~6704621236,MX,20260415,iOS,1,0,0,0,1
ca-app-pub-7891478850122465/6565020438,ca-app-pub-7891478850122465~6704621236,MX,20260415,iOS,1,0,0,0,1
ca-app-pub-7891478850122465/6721664164,ca-app-pub-7891478850122465~6704621236,MX,20260415,iOS,1,0,0,0,1
ca-app-pub-7891478850122465/1859860932,ca-app-pub-7891478850122465~6704621236,MY,20260415,iOS,1,0,0,0,1
ca-app-pub-7891478850122465/6565020438,ca-app-pub-7891478850122465~6704621236,MY,20260415,iOS,1,0,0,0,1
ca-app-pub-7891478850122465/6721664164,ca-app-pub-7891478850122465~6704621236,MY,20260415,iOS,1,0,0,0,1
ca-app-pub-7891478850122465/1859860932,ca-app-pub-7891478850122465~6704621236,NG,20260415,iOS,4,0,0,0,4
ca-app-pub-7891478850122465/6565020438,ca-app-pub-7891478850122465~6704621236,NG,20260415,iOS,5,3,17122,2,5
ca-app-pub-7891478850122465/6721664164,ca-app-pub-7891478850122465~6704621236,NG,20260415,iOS,4,0,0,0,4
ca-app-pub-7891478850122465/8171033829,ca-app-pub-7891478850122465~6704621236,NG,20260415,iOS,3,0,5039,3,3
ca-app-pub-7891478850122465/1859860932,ca-app-pub-7891478850122465~6704621236,NL,20260415,iOS,1,0,0,0,1
ca-app-pub-7891478850122465/6565020438,ca-app-pub-7891478850122465~6704621236,NL,20260415,iOS,1,0,0,0,1
ca-app-pub-7891478850122465/6721664164,ca-app-pub-7891478850122465~6704621236,NL,20260415,iOS,1,0,0,0,1
ca-app-pub-7891478850122465/1859860932,ca-app-pub-7891478850122465~6704621236,PR,20260415,iOS,2,0,0,0,2
ca-app-pub-7891478850122465/6565020438,ca-app-pub-7891478850122465~6704621236,PR,20260415,iOS,2,0,0,0,2
ca-app-pub-7891478850122465/6721664164,ca-app-pub-7891478850122465~6704621236,PR,20260415,iOS,2,0,0,0,2
ca-app-pub-7891478850122465/8171033829,ca-app-pub-7891478850122465~6704621236,PR,20260415,iOS,1,0,119,1,1
ca-app-pub-7891478850122465/1859860932,ca-app-pub-7891478850122465~6704621236,SA,20260415,iOS,3,0,0,0,3
ca-app-pub-7891478850122465/6565020438,ca-app-pub-7891478850122465~6704621236,SA,20260415,iOS,3,0,0,0,3
ca-app-pub-7891478850122465/6721664164,ca-app-pub-7891478850122465~6704621236,SA,20260415,iOS,3,0,0,0,3
ca-app-pub-7891478850122465/8171033829,ca-app-pub-7891478850122465~6704621236,SA,20260415,iOS,1,0,1655,1,1
ca-app-pub-7891478850122465/1859860932,ca-app-pub-7891478850122465~6704621236,SL,20260415,iOS,1,0,0,0,1
ca-app-pub-7891478850122465/6565020438,ca-app-pub-7891478850122465~6704621236,SL,20260415,iOS,1,0,0,0,1
ca-app-pub-7891478850122465/6721664164,ca-app-pub-7891478850122465~6704621236,SL,20260415,iOS,1,0,0,0,1
ca-app-pub-7891478850122465/1859860932,ca-app-pub-7891478850122465~6704621236,SR,20260415,iOS,1,0,0,0,1
ca-app-pub-7891478850122465/6565020438,ca-app-pub-7891478850122465~6704621236,SR,20260415,iOS,1,0,0,0,1
ca-app-pub-7891478850122465/6721664164,ca-app-pub-7891478850122465~6704621236,SR,20260415,iOS,1,0,0,0,1
ca-app-pub-7891478850122465/8171033829,ca-app-pub-7891478850122465~6704621236,SR,20260415,iOS,1,0,1613,1,1
ca-app-pub-7891478850122465/1859860932,ca-app-pub-7891478850122465~6704621236,TD,20260415,iOS,1,0,0,0,1
ca-app-pub-7891478850122465/6565020438,ca-app-pub-7891478850122465~6704621236,TD,20260415,iOS,1,0,0,0,1
ca-app-pub-7891478850122465/6721664164,ca-app-pub-7891478850122465~6704621236,TD,20260415,iOS,1,0,0,0,1
ca-app-pub-7891478850122465/8171033829,ca-app-pub-7891478850122465~6704621236,TD,20260415,iOS,2,0,1511,2,2
ca-app-pub-7891478850122465/1859860932,ca-app-pub-7891478850122465~6704621236,TR,20260415,iOS,3,0,0,0,3
ca-app-pub-7891478850122465/6565020438,ca-app-pub-7891478850122465~6704621236,TR,20260415,iOS,3,0,0,0,3
ca-app-pub-7891478850122465/6721664164,ca-app-pub-7891478850122465~6704621236,TR,20260415,iOS,3,0,0,0,3
ca-app-pub-7891478850122465/1859860932,ca-app-pub-7891478850122465~6704621236,US,20260415,iOS,80,1,131793,3,80
ca-app-pub-7891478850122465/6565020438,ca-app-pub-7891478850122465~6704621236,US,20260415,iOS,81,0,83216,2,81
ca-app-pub-7891478850122465/6721664164,ca-app-pub-7891478850122465~6704621236,US,20260415,iOS,78,0,0,0,78
ca-app-pub-7891478850122465/8171033829,ca-app-pub-7891478850122465~6704621236,US,20260415,iOS,21,0,107508,17,21
ca-app-pub-7891478850122465/1859860932,ca-app-pub-7891478850122465~6704621236,VE,20260415,iOS,1,0,0,0,1
ca-app-pub-7891478850122465/6565020438,ca-app-pub-7891478850122465~6704621236,VE,20260415,iOS,1,0,0,0,1
ca-app-pub-7891478850122465/6721664164,ca-app-pub-7891478850122465~6704621236,VE,20260415,iOS,1,0,0,0,1
ca-app-pub-7891478850122465/8171033829,ca-app-pub-7891478850122465~6704621236,VE,20260415,iOS,3,0,710,3,3
ca-app-pub-7891478850122465/1859860932,ca-app-pub-7891478850122465~6704621236,ZA,20260415,iOS,2,0,0,0,2
ca-app-pub-7891478850122465/6565020438,ca-app-pub-7891478850122465~6704621236,ZA,20260415,iOS,2,0,0,0,2
ca-app-pub-7891478850122465/6721664164,ca-app-pub-7891478850122465~6704621236,ZA,20260415,iOS,2,0,0,0,2
ca-app-pub-7891478850122465/1859860932,ca-app-pub-7891478850122465~6704621236,BR,20260416,iOS,3,0,0,0,3
ca-app-pub-7891478850122465/6565020438,ca-app-pub-7891478850122465~6704621236,BR,20260416,iOS,3,0,0,0,3
ca-app-pub-7891478850122465/6721664164,ca-app-pub-7891478850122465~6704621236,BR,20260416,iOS,3,0,0,0,3
ca-app-pub-7891478850122465/1859860932,ca-app-pub-7891478850122465~6704621236,CA,20260416,iOS,4,0,0,0,4
ca-app-pub-7891478850122465/6565020438,ca-app-pub-7891478850122465~6704621236,CA,20260416,iOS,4,0,0,0,4
ca-app-pub-7891478850122465/6721664164,ca-app-pub-7891478850122465~6704621236,CA,20260416,iOS,4,0,0,0,4
ca-app-pub-7891478850122465/8171033829,ca-app-pub-7891478850122465~6704621236,CA,20260416,iOS,2,0,19968,2,2
ca-app-pub-7891478850122465/1859860932,ca-app-pub-7891478850122465~6704621236,CH,20260416,iOS,1,0,0,0,1
ca-app-pub-7891478850122465/6565020438,ca-app-pub-7891478850122465~6704621236,CH,20260416,iOS,1,0,0,0,1
ca-app-pub-7891478850122465/6721664164,ca-app-pub-7891478850122465~6704621236,CH,20260416,iOS,1,0,0,0,1
ca-app-pub-7891478850122465/1859860932,ca-app-pub-7891478850122465~6704621236,CI,20260416,iOS,1,0,0,0,1
ca-app-pub-7891478850122465/6565020438,ca-app-pub-7891478850122465~6704621236,CI,20260416,iOS,1,0,0,0,1
ca-app-pub-7891478850122465/6721664164,ca-app-pub-7891478850122465~6704621236,CI,20260416,iOS,1,0,0,0,1
ca-app-pub-7891478850122465/1859860932,ca-app-pub-7891478850122465~6704621236,CN,20260416,iOS,1,0,0,0,1
ca-app-pub-7891478850122465/6565020438,ca-app-pub-7891478850122465~6704621236,CN,20260416,iOS,1,0,0,0,1
ca-app-pub-7891478850122465/6721664164,ca-app-pub-7891478850122465~6704621236,CN,20260416,iOS,1,0,0,0,1
ca-app-pub-7891478850122465/8171033829,ca-app-pub-7891478850122465~6704621236,CN,20260416,iOS,2,0,1111,2,2
ca-app-pub-7891478850122465/1715908034,ca-app-pub-7891478850122465~6704621236,GB,20260416,iOS,1,0,0,0,1
ca-app-pub-7891478850122465/1859860932,ca-app-pub-7891478850122465~6704621236,GB,20260416,iOS,1,0,0,0,1
ca-app-pub-7891478850122465/6565020438,ca-app-pub-7891478850122465~6704621236,GB,20260416,iOS,1,0,0,0,1
ca-app-pub-7891478850122465/6721664164,ca-app-pub-7891478850122465~6704621236,GB,20260416,iOS,1,0,0,0,1
ca-app-pub-7891478850122465/1859860932,ca-app-pub-7891478850122465~6704621236,IE,20260416,iOS,1,0,0,0,1
ca-app-pub-7891478850122465/6565020438,ca-app-pub-7891478850122465~6704621236,IE,20260416,iOS,1,0,0,0,1
ca-app-pub-7891478850122465/6721664164,ca-app-pub-7891478850122465~6704621236,IE,20260416,iOS,1,0,0,0,1
ca-app-pub-7891478850122465/1859860932,ca-app-pub-7891478850122465~6704621236,IN,20260416,iOS,4,0,0,0,4
ca-app-pub-7891478850122465/6565020438,ca-app-pub-7891478850122465~6704621236,IN,20260416,iOS,4,0,0,0,4
ca-app-pub-7891478850122465/6721664164,ca-app-pub-7891478850122465~6704621236,IN,20260416,iOS,4,0,0,0,4
ca-app-pub-7891478850122465/1859860932,ca-app-pub-7891478850122465~6704621236,IQ,20260416,iOS,2,0,0,0,2
ca-app-pub-7891478850122465/6565020438,ca-app-pub-7891478850122465~6704621236,IQ,20260416,iOS,2,0,0,0,2
ca-app-pub-7891478850122465/6721664164,ca-app-pub-7891478850122465~6704621236,IQ,20260416,iOS,2,0,0,0,2
ca-app-pub-7891478850122465/8171033829,ca-app-pub-7891478850122465~6704621236,IQ,20260416,iOS,4,1,1812,4,4
ca-app-pub-7891478850122465/1859860932,ca-app-pub-7891478850122465~6704621236,IT,20260416,iOS,1,0,0,0,1
ca-app-pub-7891478850122465/6565020438,ca-app-pub-7891478850122465~6704621236,IT,20260416,iOS,1,0,0,0,1
ca-app-pub-7891478850122465/6721664164,ca-app-pub-7891478850122465~6704621236,IT,20260416,iOS,1,0,0,0,1
ca-app-pub-7891478850122465/1859860932,ca-app-pub-7891478850122465~6704621236,KR,20260416,iOS,2,0,0,0,2
ca-app-pub-7891478850122465/6565020438,ca-app-pub-7891478850122465~6704621236,KR,20260416,iOS,3,0,12356,1,3
ca-app-pub-7891478850122465/6721664164,ca-app-pub-7891478850122465~6704621236,KR,20260416,iOS,2,0,0,0,2
ca-app-pub-7891478850122465/8171033829,ca-app-pub-7891478850122465~6704621236,KR,20260416,iOS,2,0,1050,2,2
ca-app-pub-7891478850122465/1859860932,ca-app-pub-7891478850122465~6704621236,KZ,20260416,iOS,1,0,0,0,1
ca-app-pub-7891478850122465/6565020438,ca-app-pub-7891478850122465~6704621236,KZ,20260416,iOS,1,0,0,0,1
ca-app-pub-7891478850122465/6721664164,ca-app-pub-7891478850122465~6704621236,KZ,20260416,iOS,1,0,0,0,1
ca-app-pub-7891478850122465/1859860932,ca-app-pub-7891478850122465~6704621236,ML,20260416,iOS,1,0,0,0,1
ca-app-pub-7891478850122465/6565020438,ca-app-pub-7891478850122465~6704621236,ML,20260416,iOS,1,0,0,0,1
ca-app-pub-7891478850122465/6721664164,ca-app-pub-7891478850122465~6704621236,ML,20260416,iOS,1,0,0,0,1
ca-app-pub-7891478850122465/8171033829,ca-app-pub-7891478850122465~6704621236,ML,20260416,iOS,1,0,295,1,1
ca-app-pub-7891478850122465/1859860932,ca-app-pub-7891478850122465~6704621236,MX,20260416,iOS,3,0,0,0,3
ca-app-pub-7891478850122465/6565020438,ca-app-pub-7891478850122465~6704621236,MX,20260416,iOS,3,0,0,0,3
ca-app-pub-7891478850122465/6721664164,ca-app-pub-7891478850122465~6704621236,MX,20260416,iOS,3,0,0,0,3
ca-app-pub-7891478850122465/8171033829,ca-app-pub-7891478850122465~6704621236,MX,20260416,iOS,5,0,3887,4,5
ca-app-pub-7891478850122465/1859860932,ca-app-pub-7891478850122465~6704621236,PK,20260416,iOS,1,0,0,0,1
ca-app-pub-7891478850122465/6565020438,ca-app-pub-7891478850122465~6704621236,PK,20260416,iOS,2,0,1148,1,2
ca-app-pub-7891478850122465/6721664164,ca-app-pub-7891478850122465~6704621236,PK,20260416,iOS,1,0,0,0,1
ca-app-pub-7891478850122465/8171033829,ca-app-pub-7891478850122465~6704621236,PK,20260416,iOS,1,0,187,1,1
ca-app-pub-7891478850122465/1859860932,ca-app-pub-7891478850122465~6704621236,PR,20260416,iOS,3,0,0,0,3
ca-app-pub-7891478850122465/6565020438,ca-app-pub-7891478850122465~6704621236,PR,20260416,iOS,3,0,0,0,3
ca-app-pub-7891478850122465/6721664164,ca-app-pub-7891478850122465~6704621236,PR,20260416,iOS,3,0,0,0,3
ca-app-pub-7891478850122465/8171033829,ca-app-pub-7891478850122465~6704621236,PR,20260416,iOS,2,0,287,2,2
ca-app-pub-7891478850122465/1859860932,ca-app-pub-7891478850122465~6704621236,SA,20260416,iOS,2,0,0,0,2
ca-app-pub-7891478850122465/6565020438,ca-app-pub-7891478850122465~6704621236,SA,20260416,iOS,2,0,0,0,2
ca-app-pub-7891478850122465/6721664164,ca-app-pub-7891478850122465~6704621236,SA,20260416,iOS,2,0,0,0,2
ca-app-pub-7891478850122465/8171033829,ca-app-pub-7891478850122465~6704621236,SA,20260416,iOS,3,0,6489,3,3
ca-app-pub-7891478850122465/1859860932,ca-app-pub-7891478850122465~6704621236,SL,20260416,iOS,1,0,0,0,1
ca-app-pub-7891478850122465/6565020438,ca-app-pub-7891478850122465~6704621236,SL,20260416,iOS,1,0,0,0,1
ca-app-pub-7891478850122465/6721664164,ca-app-pub-7891478850122465~6704621236,SL,20260416,iOS,1,0,0,0,1
ca-app-pub-7891478850122465/1859860932,ca-app-pub-7891478850122465~6704621236,TR,20260416,iOS,4,0,0,0,4
ca-app-pub-7891478850122465/6565020438,ca-app-pub-7891478850122465~6704621236,TR,20260416,iOS,4,0,0,0,4
ca-app-pub-7891478850122465/6721664164,ca-app-pub-7891478850122465~6704621236,TR,20260416,iOS,4,0,0,0,4
ca-app-pub-7891478850122465/1859860932,ca-app-pub-7891478850122465~6704621236,US,20260416,iOS,64,2,55727,2,64
ca-app-pub-7891478850122465/6565020438,ca-app-pub-7891478850122465~6704621236,US,20260416,iOS,67,1,247912,5,67
ca-app-pub-7891478850122465/6721664164,ca-app-pub-7891478850122465~6704621236,US,20260416,iOS,61,0,0,0,61
ca-app-pub-7891478850122465/8171033829,ca-app-pub-7891478850122465~6704621236,US,20260416,iOS,12,0,23398,5,12
ca-app-pub-7891478850122465/1859860932,ca-app-pub-7891478850122465~6704621236,ZA,20260416,iOS,2,0,0,0,2
ca-app-pub-7891478850122465/6565020438,ca-app-pub-7891478850122465~6704621236,ZA,20260416,iOS,2,0,0,0,2
ca-app-pub-7891478850122465/6721664164,ca-app-pub-7891478850122465~6704621236,ZA,20260416,iOS,2,0,0,0,2
ca-app-pub-7891478850122465/1859860932,ca-app-pub-7891478850122465~6704621236,BR,20260417,iOS,1,0,0,0,1
ca-app-pub-7891478850122465/6565020438,ca-app-pub-7891478850122465~6704621236,BR,20260417,iOS,1,0,0,0,1
ca-app-pub-7891478850122465/6721664164,ca-app-pub-7891478850122465~6704621236,BR,20260417,iOS,1,0,0,0,1
ca-app-pub-7891478850122465/1859860932,ca-app-pub-7891478850122465~6704621236,CA,20260417,iOS,3,0,0,0,3
ca-app-pub-7891478850122465/6565020438,ca-app-pub-7891478850122465~6704621236,CA,20260417,iOS,3,0,0,0,3
ca-app-pub-7891478850122465/6721664164,ca-app-pub-7891478850122465~6704621236,CA,20260417,iOS,3,0,0,0,3
ca-app-pub-7891478850122465/1859860932,ca-app-pub-7891478850122465~6704621236,CH,20260417,iOS,13,0,0,0,13
ca-app-pub-7891478850122465/6565020438,ca-app-pub-7891478850122465~6704621236,CH,20260417,iOS,13,0,0,0,13
ca-app-pub-7891478850122465/6721664164,ca-app-pub-7891478850122465~6704621236,CH,20260417,iOS,13,0,0,0,13
ca-app-pub-7891478850122465/8171033829,ca-app-pub-7891478850122465~6704621236,CN,20260417,iOS,1,0,0,0,1
ca-app-pub-7891478850122465/1859860932,ca-app-pub-7891478850122465~6704621236,DE,20260417,iOS,3,0,0,0,3
ca-app-pub-7891478850122465/6565020438,ca-app-pub-7891478850122465~6704621236,DE,20260417,iOS,3,0,0,0,3
ca-app-pub-7891478850122465/6721664164,ca-app-pub-7891478850122465~6704621236,DE,20260417,iOS,3,0,0,0,3
ca-app-pub-7891478850122465/1859860932,ca-app-pub-7891478850122465~6704621236,FR,20260417,iOS,9,0,0,0,9
ca-app-pub-7891478850122465/6565020438,ca-app-pub-7891478850122465~6704621236,FR,20260417,iOS,9,0,0,0,9
ca-app-pub-7891478850122465/6721664164,ca-app-pub-7891478850122465~6704621236,FR,20260417,iOS,9,0,0,0,9
ca-app-pub-7891478850122465/8171033829,ca-app-pub-7891478850122465~6704621236,FR,20260417,iOS,1,0,0,0,1
ca-app-pub-7891478850122465/1859860932,ca-app-pub-7891478850122465~6704621236,GB,20260417,iOS,2,0,0,0,2
ca-app-pub-7891478850122465/6565020438,ca-app-pub-7891478850122465~6704621236,GB,20260417,iOS,2,0,0,0,2
ca-app-pub-7891478850122465/6721664164,ca-app-pub-7891478850122465~6704621236,GB,20260417,iOS,2,0,0,0,2
ca-app-pub-7891478850122465/1859860932,ca-app-pub-7891478850122465~6704621236,GI,20260417,iOS,8,0,0,0,8
ca-app-pub-7891478850122465/6565020438,ca-app-pub-7891478850122465~6704621236,GI,20260417,iOS,8,0,0,0,8
ca-app-pub-7891478850122465/6721664164,ca-app-pub-7891478850122465~6704621236,GI,20260417,iOS,8,0,0,0,8
ca-app-pub-7891478850122465/1859860932,ca-app-pub-7891478850122465~6704621236,IE,20260417,iOS,1,0,0,0,1
ca-app-pub-7891478850122465/6565020438,ca-app-pub-7891478850122465~6704621236,IE,20260417,iOS,1,0,0,0,1
ca-app-pub-7891478850122465/6721664164,ca-app-pub-7891478850122465~6704621236,IE,20260417,iOS,1,0,0,0,1
ca-app-pub-7891478850122465/1859860932,ca-app-pub-7891478850122465~6704621236,IN,20260417,iOS,4,0,0,0,4
ca-app-pub-7891478850122465/6565020438,ca-app-pub-7891478850122465~6704621236,IN,20260417,iOS,4,0,0,0,4
ca-app-pub-7891478850122465/6721664164,ca-app-pub-7891478850122465~6704621236,IN,20260417,iOS,3,0,0,0,3
ca-app-pub-7891478850122465/1859860932,ca-app-pub-7891478850122465~6704621236,IT,20260417,iOS,1,0,0,0,1
ca-app-pub-7891478850122465/6565020438,ca-app-pub-7891478850122465~6704621236,IT,20260417,iOS,1,0,0,0,1
ca-app-pub-7891478850122465/6721664164,ca-app-pub-7891478850122465~6704621236,IT,20260417,iOS,1,0,0,0,1
ca-app-pub-7891478850122465/1859860932,ca-app-pub-7891478850122465~6704621236,JP,20260417,iOS,1,0,0,0,1
ca-app-pub-7891478850122465/6565020438,ca-app-pub-7891478850122465~6704621236,JP,20260417,iOS,1,0,0,0,1
ca-app-pub-7891478850122465/6721664164,ca-app-pub-7891478850122465~6704621236,JP,20260417,iOS,1,0,0,0,1
ca-app-pub-7891478850122465/1859860932,ca-app-pub-7891478850122465~6704621236,LY,20260417,iOS,1,0,0,0,1
ca-app-pub-7891478850122465/6565020438,ca-app-pub-7891478850122465~6704621236,LY,20260417,iOS,1,0,0,0,1
ca-app-pub-7891478850122465/6721664164,ca-app-pub-7891478850122465~6704621236,LY,20260417,iOS,1,0,0,0,1
ca-app-pub-7891478850122465/8171033829,ca-app-pub-7891478850122465~6704621236,LY,20260417,iOS,3,1,966,2,3
ca-app-pub-7891478850122465/1859860932,ca-app-pub-7891478850122465~6704621236,NA,20260417,iOS,2,0,0,0,2
ca-app-pub-7891478850122465/6565020438,ca-app-pub-7891478850122465~6704621236,NA,20260417,iOS,2,0,0,0,2
ca-app-pub-7891478850122465/6721664164,ca-app-pub-7891478850122465~6704621236,NA,20260417,iOS,2,0,0,0,2
ca-app-pub-7891478850122465/1859860932,ca-app-pub-7891478850122465~6704621236,NL,20260417,iOS,1,0,0,0,1
ca-app-pub-7891478850122465/6565020438,ca-app-pub-7891478850122465~6704621236,NL,20260417,iOS,1,0,0,0,1
ca-app-pub-7891478850122465/6721664164,ca-app-pub-7891478850122465~6704621236,NL,20260417,iOS,1,0,0,0,1
ca-app-pub-7891478850122465/1859860932,ca-app-pub-7891478850122465~6704621236,NO,20260417,iOS,1,0,0,0,1
ca-app-pub-7891478850122465/6565020438,ca-app-pub-7891478850122465~6704621236,NO,20260417,iOS,1,0,0,0,1
ca-app-pub-7891478850122465/6721664164,ca-app-pub-7891478850122465~6704621236,NO,20260417,iOS,1,0,0,0,1
ca-app-pub-7891478850122465/1859860932,ca-app-pub-7891478850122465~6704621236,PH,20260417,iOS,2,0,0,0,2
ca-app-pub-7891478850122465/6565020438,ca-app-pub-7891478850122465~6704621236,PH,20260417,iOS,2,0,0,0,2
ca-app-pub-7891478850122465/6721664164,ca-app-pub-7891478850122465~6704621236,PH,20260417,iOS,2,0,0,0,2
ca-app-pub-7891478850122465/1859860932,ca-app-pub-7891478850122465~6704621236,PR,20260417,iOS,3,0,0,0,3
ca-app-pub-7891478850122465/6565020438,ca-app-pub-7891478850122465~6704621236,PR,20260417,iOS,3,0,0,0,3
ca-app-pub-7891478850122465/6721664164,ca-app-pub-7891478850122465~6704621236,PR,20260417,iOS,3,0,0,0,3
ca-app-pub-7891478850122465/1859860932,ca-app-pub-7891478850122465~6704621236,QA,20260417,iOS,2,0,0,0,2
ca-app-pub-7891478850122465/6565020438,ca-app-pub-7891478850122465~6704621236,QA,20260417,iOS,3,0,15608,1,3
ca-app-pub-7891478850122465/6721664164,ca-app-pub-7891478850122465~6704621236,QA,20260417,iOS,2,0,0,0,2
ca-app-pub-7891478850122465/8171033829,ca-app-pub-7891478850122465~6704621236,QA,20260417,iOS,3,0,6990,3,3
ca-app-pub-7891478850122465/1859860932,ca-app-pub-7891478850122465~6704621236,SA,20260417,iOS,3,0,0,0,3
ca-app-pub-7891478850122465/6565020438,ca-app-pub-7891478850122465~6704621236,SA,20260417,iOS,4,0,11848,1,4
ca-app-pub-7891478850122465/6721664164,ca-app-pub-7891478850122465~6704621236,SA,20260417,iOS,3,0,0,0,3
ca-app-pub-7891478850122465/8171033829,ca-app-pub-7891478850122465~6704621236,SA,20260417,iOS,3,0,6423,3,3
ca-app-pub-7891478850122465/1859860932,ca-app-pub-7891478850122465~6704621236,SE,20260417,iOS,1,0,0,0,1
ca-app-pub-7891478850122465/6565020438,ca-app-pub-7891478850122465~6704621236,SE,20260417,iOS,1,0,0,0,1
ca-app-pub-7891478850122465/6721664164,ca-app-pub-7891478850122465~6704621236,SE,20260417,iOS,1,0,0,0,1
ca-app-pub-7891478850122465/1859860932,ca-app-pub-7891478850122465~6704621236,SL,20260417,iOS,1,0,0,0,1
ca-app-pub-7891478850122465/6565020438,ca-app-pub-7891478850122465~6704621236,SL,20260417,iOS,1,0,0,0,1
ca-app-pub-7891478850122465/6721664164,ca-app-pub-7891478850122465~6704621236,SL,20260417,iOS,1,0,0,0,1
ca-app-pub-7891478850122465/1859860932,ca-app-pub-7891478850122465~6704621236,SO,20260417,iOS,1,0,0,0,1
ca-app-pub-7891478850122465/6565020438,ca-app-pub-7891478850122465~6704621236,SO,20260417,iOS,1,0,0,0,1
ca-app-pub-7891478850122465/6721664164,ca-app-pub-7891478850122465~6704621236,SO,20260417,iOS,1,0,0,0,1
ca-app-pub-7891478850122465/1859860932,ca-app-pub-7891478850122465~6704621236,TD,20260417,iOS,1,0,0,0,1
ca-app-pub-7891478850122465/6565020438,ca-app-pub-7891478850122465~6704621236,TD,20260417,iOS,1,0,0,0,1
ca-app-pub-7891478850122465/6721664164,ca-app-pub-7891478850122465~6704621236,TD,20260417,iOS,1,0,0,0,1
ca-app-pub-7891478850122465/8171033829,ca-app-pub-7891478850122465~6704621236,TD,20260417,iOS,2,1,3524,2,2
ca-app-pub-7891478850122465/1859860932,ca-app-pub-7891478850122465~6704621236,TN,20260417,iOS,1,0,0,0,1
ca-app-pub-7891478850122465/6565020438,ca-app-pub-7891478850122465~6704621236,TN,20260417,iOS,1,0,0,0,1
ca-app-pub-7891478850122465/6721664164,ca-app-pub-7891478850122465~6704621236,TN,20260417,iOS,1,0,0,0,1
ca-app-pub-7891478850122465/8171033829,ca-app-pub-7891478850122465~6704621236,TN,20260417,iOS,4,0,4520,4,4
ca-app-pub-7891478850122465/1859860932,ca-app-pub-7891478850122465~6704621236,TR,20260417,iOS,4,0,0,0,4
ca-app-pub-7891478850122465/6565020438,ca-app-pub-7891478850122465~6704621236,TR,20260417,iOS,4,0,0,0,4
ca-app-pub-7891478850122465/6721664164,ca-app-pub-7891478850122465~6704621236,TR,20260417,iOS,4,0,0,0,4
ca-app-pub-7891478850122465/1859860932,ca-app-pub-7891478850122465~6704621236,US,20260417,iOS,68,0,62577,1,68
ca-app-pub-7891478850122465/6565020438,ca-app-pub-7891478850122465~6704621236,US,20260417,iOS,75,0,129337,2,75
ca-app-pub-7891478850122465/6721664164,ca-app-pub-7891478850122465~6704621236,US,20260417,iOS,66,0,0,0,66
ca-app-pub-7891478850122465/8171033829,ca-app-pub-7891478850122465~6704621236,US,20260417,iOS,17,0,60487,14,17
ca-app-pub-7891478850122465/1859860932,ca-app-pub-7891478850122465~6704621236,ZA,20260417,iOS,1,0,0,0,1
ca-app-pub-7891478850122465/6565020438,ca-app-pub-7891478850122465~6704621236,ZA,20260417,iOS,1,0,0,0,1
ca-app-pub-7891478850122465/6721664164,ca-app-pub-7891478850122465~6704621236,ZA,20260417,iOS,1,0,0,0,1
ca-app-pub-7891478850122465/1859860932,ca-app-pub-7891478850122465~6704621236,BN,20260418,iOS,1,0,0,0,1
ca-app-pub-7891478850122465/6565020438,ca-app-pub-7891478850122465~6704621236,BN,20260418,iOS,1,0,0,0,1
ca-app-pub-7891478850122465/6721664164,ca-app-pub-7891478850122465~6704621236,BN,20260418,iOS,1,0,0,0,1
ca-app-pub-7891478850122465/1859860932,ca-app-pub-7891478850122465~6704621236,BR,20260418,iOS,2,0,0,0,2
ca-app-pub-7891478850122465/6565020438,ca-app-pub-7891478850122465~6704621236,BR,20260418,iOS,2,0,0,0,2
ca-app-pub-7891478850122465/6721664164,ca-app-pub-7891478850122465~6704621236,BR,20260418,iOS,2,0,0,0,2
ca-app-pub-7891478850122465/8171033829,ca-app-pub-7891478850122465~6704621236,BR,20260418,iOS,2,0,1976,2,2
ca-app-pub-7891478850122465/1859860932,ca-app-pub-7891478850122465~6704621236,CA,20260418,iOS,2,0,0,0,2
ca-app-pub-7891478850122465/6565020438,ca-app-pub-7891478850122465~6704621236,CA,20260418,iOS,3,0,44024,1,3
ca-app-pub-7891478850122465/6721664164,ca-app-pub-7891478850122465~6704621236,CA,20260418,iOS,2,0,0,0,2
ca-app-pub-7891478850122465/8171033829,ca-app-pub-7891478850122465~6704621236,CA,20260418,iOS,2,0,7111,2,2
ca-app-pub-7891478850122465/1859860932,ca-app-pub-7891478850122465~6704621236,CI,20260418,iOS,1,0,0,0,1
ca-app-pub-7891478850122465/6565020438,ca-app-pub-7891478850122465~6704621236,CI,20260418,iOS,3,0,8791,2,3
ca-app-pub-7891478850122465/6721664164,ca-app-pub-7891478850122465~6704621236,CI,20260418,iOS,1,0,0,0,1
ca-app-pub-7891478850122465/8171033829,ca-app-pub-7891478850122465~6704621236,CI,20260418,iOS,2,0,1459,2,2
ca-app-pub-7891478850122465/1859860932,ca-app-pub-7891478850122465~6704621236,CN,20260418,iOS,1,0,0,0,1
ca-app-pub-7891478850122465/3192641239,ca-app-pub-7891478850122465~6704621236,CN,20260418,iOS,1,0,0,0,1
ca-app-pub-7891478850122465/6565020438,ca-app-pub-7891478850122465~6704621236,CN,20260418,iOS,1,0,0,0,1
ca-app-pub-7891478850122465/6721664164,ca-app-pub-7891478850122465~6704621236,CN,20260418,iOS,1,0,0,0,1
ca-app-pub-7891478850122465/8171033829,ca-app-pub-7891478850122465~6704621236,CN,20260418,iOS,3,0,2670,2,3
ca-app-pub-7891478850122465/1859860932,ca-app-pub-7891478850122465~6704621236,EG,20260418,iOS,3,0,0,0,3
ca-app-pub-7891478850122465/6565020438,ca-app-pub-7891478850122465~6704621236,EG,20260418,iOS,4,0,2288,1,4
ca-app-pub-7891478850122465/6721664164,ca-app-pub-7891478850122465~6704621236,EG,20260418,iOS,3,0,0,0,3
ca-app-pub-7891478850122465/8171033829,ca-app-pub-7891478850122465~6704621236,EG,20260418,iOS,11,0,12463,11,11
ca-app-pub-7891478850122465/1859860932,ca-app-pub-7891478850122465~6704621236,GB,20260418,iOS,15,0,0,0,15
ca-app-pub-7891478850122465/6565020438,ca-app-pub-7891478850122465~6704621236,GB,20260418,iOS,15,0,0,0,15
ca-app-pub-7891478850122465/6721664164,ca-app-pub-7891478850122465~6704621236,GB,20260418,iOS,15,0,0,0,15
ca-app-pub-7891478850122465/1859860932,ca-app-pub-7891478850122465~6704621236,GH,20260418,iOS,2,0,0,0,2
ca-app-pub-7891478850122465/6565020438,ca-app-pub-7891478850122465~6704621236,GH,20260418,iOS,2,0,0,0,2
ca-app-pub-7891478850122465/6721664164,ca-app-pub-7891478850122465~6704621236,GH,20260418,iOS,2,0,0,0,2
ca-app-pub-7891478850122465/1859860932,ca-app-pub-7891478850122465~6704621236,IE,20260418,iOS,3,0,0,0,3
ca-app-pub-7891478850122465/6565020438,ca-app-pub-7891478850122465~6704621236,IE,20260418,iOS,3,0,0,0,3
ca-app-pub-7891478850122465/6721664164,ca-app-pub-7891478850122465~6704621236,IE,20260418,iOS,3,0,0,0,3
ca-app-pub-7891478850122465/1859860932,ca-app-pub-7891478850122465~6704621236,IN,20260418,iOS,4,0,0,0,4
ca-app-pub-7891478850122465/6565020438,ca-app-pub-7891478850122465~6704621236,IN,20260418,iOS,4,0,0,0,4
ca-app-pub-7891478850122465/6721664164,ca-app-pub-7891478850122465~6704621236,IN,20260418,iOS,4,0,0,0,4
ca-app-pub-7891478850122465/8171033829,ca-app-pub-7891478850122465~6704621236,IN,20260418,iOS,2,0,462,2,2
ca-app-pub-7891478850122465/1859860932,ca-app-pub-7891478850122465~6704621236,IQ,20260418,iOS,1,0,0,0,1
ca-app-pub-7891478850122465/6565020438,ca-app-pub-7891478850122465~6704621236,IQ,20260418,iOS,1,0,0,0,1
ca-app-pub-7891478850122465/6721664164,ca-app-pub-7891478850122465~6704621236,IQ,20260418,iOS,1,0,0,0,1
ca-app-pub-7891478850122465/1859860932,ca-app-pub-7891478850122465~6704621236,IT,20260418,iOS,19,0,0,0,19
ca-app-pub-7891478850122465/6565020438,ca-app-pub-7891478850122465~6704621236,IT,20260418,iOS,19,0,0,0,19
ca-app-pub-7891478850122465/6721664164,ca-app-pub-7891478850122465~6704621236,IT,20260418,iOS,19,0,0,0,19
ca-app-pub-7891478850122465/1859860932,ca-app-pub-7891478850122465~6704621236,JO,20260418,iOS,5,0,0,0,5
ca-app-pub-7891478850122465/6565020438,ca-app-pub-7891478850122465~6704621236,JO,20260418,iOS,5,0,0,0,5
ca-app-pub-7891478850122465/6721664164,ca-app-pub-7891478850122465~6704621236,JO,20260418,iOS,5,0,0,0,5
ca-app-pub-7891478850122465/8171033829,ca-app-pub-7891478850122465~6704621236,JO,20260418,iOS,3,1,639,3,3
ca-app-pub-7891478850122465/1859860932,ca-app-pub-7891478850122465~6704621236,KR,20260418,iOS,1,0,0,0,1
ca-app-pub-7891478850122465/6565020438,ca-app-pub-7891478850122465~6704621236,KR,20260418,iOS,1,0,0,0,1
ca-app-pub-7891478850122465/6721664164,ca-app-pub-7891478850122465~6704621236,KR,20260418,iOS,1,0,0,0,1
ca-app-pub-7891478850122465/1859860932,ca-app-pub-7891478850122465~6704621236,MX,20260418,iOS,1,0,0,0,1
ca-app-pub-7891478850122465/6565020438,ca-app-pub-7891478850122465~6704621236,MX,20260418,iOS,1,0,0,0,1
ca-app-pub-7891478850122465/6721664164,ca-app-pub-7891478850122465~6704621236,MX,20260418,iOS,1,0,0,0,1
ca-app-pub-7891478850122465/8171033829,ca-app-pub-7891478850122465~6704621236,MX,20260418,iOS,1,1,2800,1,1
ca-app-pub-7891478850122465/1859860932,ca-app-pub-7891478850122465~6704621236,NA,20260418,iOS,2,0,0,0,2
ca-app-pub-7891478850122465/6565020438,ca-app-pub-7891478850122465~6704621236,NA,20260418,iOS,2,0,0,0,2
ca-app-pub-7891478850122465/6721664164,ca-app-pub-7891478850122465~6704621236,NA,20260418,iOS,1,0,0,0,1
ca-app-pub-7891478850122465/1859860932,ca-app-pub-7891478850122465~6704621236,PA,20260418,iOS,1,0,0,0,1
ca-app-pub-7891478850122465/6565020438,ca-app-pub-7891478850122465~6704621236,PA,20260418,iOS,3,0,12755,2,3
ca-app-pub-7891478850122465/6721664164,ca-app-pub-7891478850122465~6704621236,PA,20260418,iOS,1,0,0,0,1
ca-app-pub-7891478850122465/8171033829,ca-app-pub-7891478850122465~6704621236,PA,20260418,iOS,3,0,2288,3,3
ca-app-pub-7891478850122465/1859860932,ca-app-pub-7891478850122465~6704621236,PE,20260418,iOS,1,0,0,0,1
ca-app-pub-7891478850122465/6565020438,ca-app-pub-7891478850122465~6704621236,PE,20260418,iOS,1,0,0,0,1
ca-app-pub-7891478850122465/6721664164,ca-app-pub-7891478850122465~6704621236,PE,20260418,iOS,1,0,0,0,1
ca-app-pub-7891478850122465/1859860932,ca-app-pub-7891478850122465~6704621236,PH,20260418,iOS,1,0,0,0,1
ca-app-pub-7891478850122465/6565020438,ca-app-pub-7891478850122465~6704621236,PH,20260418,iOS,1,0,0,0,1
ca-app-pub-7891478850122465/6721664164,ca-app-pub-7891478850122465~6704621236,PH,20260418,iOS,1,0,0,0,1
ca-app-pub-7891478850122465/1859860932,ca-app-pub-7891478850122465~6704621236,PK,20260418,iOS,1,0,0,0,1
ca-app-pub-7891478850122465/6565020438,ca-app-pub-7891478850122465~6704621236,PK,20260418,iOS,1,0,0,0,1
ca-app-pub-7891478850122465/6721664164,ca-app-pub-7891478850122465~6704621236,PK,20260418,iOS,1,0,0,0,1
ca-app-pub-7891478850122465/8171033829,ca-app-pub-7891478850122465~6704621236,PK,20260418,iOS,1,0,0,0,1
ca-app-pub-7891478850122465/1859860932,ca-app-pub-7891478850122465~6704621236,PL,20260418,iOS,12,0,0,0,12
ca-app-pub-7891478850122465/6565020438,ca-app-pub-7891478850122465~6704621236,PL,20260418,iOS,12,0,0,0,12
ca-app-pub-7891478850122465/6721664164,ca-app-pub-7891478850122465~6704621236,PL,20260418,iOS,12,0,0,0,12
ca-app-pub-7891478850122465/1859860932,ca-app-pub-7891478850122465~6704621236,PR,20260418,iOS,3,0,0,0,3
ca-app-pub-7891478850122465/6565020438,ca-app-pub-7891478850122465~6704621236,PR,20260418,iOS,3,0,0,0,3
ca-app-pub-7891478850122465/6721664164,ca-app-pub-7891478850122465~6704621236,PR,20260418,iOS,3,0,0,0,3
ca-app-pub-7891478850122465/8171033829,ca-app-pub-7891478850122465~6704621236,PR,20260418,iOS,4,0,1108,4,4
ca-app-pub-7891478850122465/1859860932,ca-app-pub-7891478850122465~6704621236,SA,20260418,iOS,1,0,0,0,1
ca-app-pub-7891478850122465/6565020438,ca-app-pub-7891478850122465~6704621236,SA,20260418,iOS,1,0,0,0,1
ca-app-pub-7891478850122465/6721664164,ca-app-pub-7891478850122465~6704621236,SA,20260418,iOS,1,0,0,0,1
ca-app-pub-7891478850122465/8171033829,ca-app-pub-7891478850122465~6704621236,SA,20260418,iOS,2,0,1587,2,2
ca-app-pub-7891478850122465/1859860932,ca-app-pub-7891478850122465~6704621236,SL,20260418,iOS,2,0,0,0,2
ca-app-pub-7891478850122465/6565020438,ca-app-pub-7891478850122465~6704621236,SL,20260418,iOS,2,0,0,0,2
ca-app-pub-7891478850122465/6721664164,ca-app-pub-7891478850122465~6704621236,SL,20260418,iOS,2,0,0,0,2
ca-app-pub-7891478850122465/1859860932,ca-app-pub-7891478850122465~6704621236,TG,20260418,iOS,1,0,0,0,1
ca-app-pub-7891478850122465/6565020438,ca-app-pub-7891478850122465~6704621236,TG,20260418,iOS,1,0,0,0,1
ca-app-pub-7891478850122465/6721664164,ca-app-pub-7891478850122465~6704621236,TG,20260418,iOS,1,0,0,0,1
ca-app-pub-7891478850122465/1859860932,ca-app-pub-7891478850122465~6704621236,TR,20260418,iOS,2,0,0,0,2
ca-app-pub-7891478850122465/6565020438,ca-app-pub-7891478850122465~6704621236,TR,20260418,iOS,2,0,0,0,2
ca-app-pub-7891478850122465/6721664164,ca-app-pub-7891478850122465~6704621236,TR,20260418,iOS,2,0,0,0,2
ca-app-pub-7891478850122465/8171033829,ca-app-pub-7891478850122465~6704621236,TR,20260418,iOS,2,0,150,2,2
ca-app-pub-7891478850122465/1859860932,ca-app-pub-7891478850122465~6704621236,US,20260418,iOS,68,0,0,0,68
ca-app-pub-7891478850122465/6565020438,ca-app-pub-7891478850122465~6704621236,US,20260418,iOS,75,3,528211,5,75
ca-app-pub-7891478850122465/6721664164,ca-app-pub-7891478850122465~6704621236,US,20260418,iOS,68,0,0,0,68
ca-app-pub-7891478850122465/8171033829,ca-app-pub-7891478850122465~6704621236,US,20260418,iOS,18,1,67713,15,18
ca-app-pub-7891478850122465/6565020438,ca-app-pub-7891478850122465~6704621236,ZA,20260418,iOS,7,0,0,0,7
ca-app-pub-7891478850122465/8171033829,ca-app-pub-7891478850122465~6704621236,ZA,20260418,iOS,1,0,1015,1,1
ca-app-pub-7891478850122465/1859860932,ca-app-pub-7891478850122465~6704621236,AO,20260419,iOS,1,0,0,0,1
ca-app-pub-7891478850122465/6565020438,ca-app-pub-7891478850122465~6704621236,AO,20260419,iOS,1,0,0,0,1
ca-app-pub-7891478850122465/6721664164,ca-app-pub-7891478850122465~6704621236,AO,20260419,iOS,1,0,0,0,1
ca-app-pub-7891478850122465/8171033829,ca-app-pub-7891478850122465~6704621236,AO,20260419,iOS,1,0,3223,1,1
ca-app-pub-7891478850122465/1859860932,ca-app-pub-7891478850122465~6704621236,AR,20260419,iOS,1,0,0,0,1
ca-app-pub-7891478850122465/6565020438,ca-app-pub-7891478850122465~6704621236,AR,20260419,iOS,1,0,0,0,1
ca-app-pub-7891478850122465/6721664164,ca-app-pub-7891478850122465~6704621236,AR,20260419,iOS,1,0,0,0,1
ca-app-pub-7891478850122465/8171033829,ca-app-pub-7891478850122465~6704621236,AR,20260419,iOS,1,0,1727,1,1
ca-app-pub-7891478850122465/1859860932,ca-app-pub-7891478850122465~6704621236,AT,20260419,iOS,7,0,0,0,7
ca-app-pub-7891478850122465/6565020438,ca-app-pub-7891478850122465~6704621236,AT,20260419,iOS,7,0,0,0,7
ca-app-pub-7891478850122465/6721664164,ca-app-pub-7891478850122465~6704621236,AT,20260419,iOS,7,0,0,0,7
ca-app-pub-7891478850122465/1859860932,ca-app-pub-7891478850122465~6704621236,BE,20260419,iOS,1,0,0,0,1
ca-app-pub-7891478850122465/6565020438,ca-app-pub-7891478850122465~6704621236,BE,20260419,iOS,1,0,0,0,1
ca-app-pub-7891478850122465/6721664164,ca-app-pub-7891478850122465~6704621236,BE,20260419,iOS,1,0,0,0,1
ca-app-pub-7891478850122465/1859860932,ca-app-pub-7891478850122465~6704621236,BF,20260419,iOS,1,0,0,0,1
ca-app-pub-7891478850122465/6565020438,ca-app-pub-7891478850122465~6704621236,BF,20260419,iOS,1,0,4800,1,1
ca-app-pub-7891478850122465/6721664164,ca-app-pub-7891478850122465~6704621236,BF,20260419,iOS,1,0,0,0,1
ca-app-pub-7891478850122465/8171033829,ca-app-pub-7891478850122465~6704621236,BF,20260419,iOS,1,0,208,1,1
ca-app-pub-7891478850122465/1859860932,ca-app-pub-7891478850122465~6704621236,BR,20260419,iOS,3,0,0,0,3
ca-app-pub-7891478850122465/6565020438,ca-app-pub-7891478850122465~6704621236,BR,20260419,iOS,3,0,0,0,3
ca-app-pub-7891478850122465/6721664164,ca-app-pub-7891478850122465~6704621236,BR,20260419,iOS,3,0,0,0,3
ca-app-pub-7891478850122465/8171033829,ca-app-pub-7891478850122465~6704621236,BR,20260419,iOS,4,0,5089,4,4
ca-app-pub-7891478850122465/1859860932,ca-app-pub-7891478850122465~6704621236,CI,20260419,iOS,1,0,0,0,1
ca-app-pub-7891478850122465/6565020438,ca-app-pub-7891478850122465~6704621236,CI,20260419,iOS,1,0,0,0,1
ca-app-pub-7891478850122465/6721664164,ca-app-pub-7891478850122465~6704621236,CI,20260419,iOS,1,0,0,0,1
ca-app-pub-7891478850122465/1859860932,ca-app-pub-7891478850122465~6704621236,DE,20260419,iOS,3,0,0,0,3
ca-app-pub-7891478850122465/6565020438,ca-app-pub-7891478850122465~6704621236,DE,20260419,iOS,3,0,0,0,3
ca-app-pub-7891478850122465/6721664164,ca-app-pub-7891478850122465~6704621236,DE,20260419,iOS,3,0,0,0,3
ca-app-pub-7891478850122465/1859860932,ca-app-pub-7891478850122465~6704621236,DK,20260419,iOS,2,0,0,0,2
ca-app-pub-7891478850122465/6565020438,ca-app-pub-7891478850122465~6704621236,DK,20260419,iOS,2,0,0,0,2
ca-app-pub-7891478850122465/6721664164,ca-app-pub-7891478850122465~6704621236,DK,20260419,iOS,2,0,0,0,2
ca-app-pub-7891478850122465/1859860932,ca-app-pub-7891478850122465~6704621236,DO,20260419,iOS,1,0,0,0,1
ca-app-pub-7891478850122465/6565020438,ca-app-pub-7891478850122465~6704621236,DO,20260419,iOS,1,0,0,0,1
ca-app-pub-7891478850122465/6721664164,ca-app-pub-7891478850122465~6704621236,DO,20260419,iOS,1,0,0,0,1
ca-app-pub-7891478850122465/1859860932,ca-app-pub-7891478850122465~6704621236,DZ,20260419,iOS,2,0,0,0,2
ca-app-pub-7891478850122465/6565020438,ca-app-pub-7891478850122465~6704621236,DZ,20260419,iOS,3,0,2280,1,3
ca-app-pub-7891478850122465/6721664164,ca-app-pub-7891478850122465~6704621236,DZ,20260419,iOS,2,0,0,0,2
ca-app-pub-7891478850122465/8171033829,ca-app-pub-7891478850122465~6704621236,DZ,20260419,iOS,1,0,209,1,1
ca-app-pub-7891478850122465/1859860932,ca-app-pub-7891478850122465~6704621236,EG,20260419,iOS,1,0,0,0,1
ca-app-pub-7891478850122465/6565020438,ca-app-pub-7891478850122465~6704621236,EG,20260419,iOS,1,0,0,0,1
ca-app-pub-7891478850122465/6721664164,ca-app-pub-7891478850122465~6704621236,EG,20260419,iOS,1,0,0,0,1
ca-app-pub-7891478850122465/8171033829,ca-app-pub-7891478850122465~6704621236,EG,20260419,iOS,1,0,953,1,1
ca-app-pub-7891478850122465/1859860932,ca-app-pub-7891478850122465~6704621236,FR,20260419,iOS,7,0,0,0,7
ca-app-pub-7891478850122465/6565020438,ca-app-pub-7891478850122465~6704621236,FR,20260419,iOS,7,0,0,0,7
ca-app-pub-7891478850122465/6721664164,ca-app-pub-7891478850122465~6704621236,FR,20260419,iOS,7,0,0,0,7
ca-app-pub-7891478850122465/1859860932,ca-app-pub-7891478850122465~6704621236,GB,20260419,iOS,1,0,0,0,1
ca-app-pub-7891478850122465/6565020438,ca-app-pub-7891478850122465~6704621236,GB,20260419,iOS,1,0,0,0,1
ca-app-pub-7891478850122465/6721664164,ca-app-pub-7891478850122465~6704621236,GB,20260419,iOS,1,0,0,0,1
ca-app-pub-7891478850122465/1859860932,ca-app-pub-7891478850122465~6704621236,GH,20260419,iOS,1,0,0,0,1
ca-app-pub-7891478850122465/6565020438,ca-app-pub-7891478850122465~6704621236,GH,20260419,iOS,1,0,0,0,1
ca-app-pub-7891478850122465/6721664164,ca-app-pub-7891478850122465~6704621236,GH,20260419,iOS,1,0,0,0,1
ca-app-pub-7891478850122465/8171033829,ca-app-pub-7891478850122465~6704621236,GH,20260419,iOS,1,0,527,1,1
ca-app-pub-7891478850122465/1859860932,ca-app-pub-7891478850122465~6704621236,IE,20260419,iOS,1,0,0,0,1
ca-app-pub-7891478850122465/6565020438,ca-app-pub-7891478850122465~6704621236,IE,20260419,iOS,1,0,0,0,1
ca-app-pub-7891478850122465/6721664164,ca-app-pub-7891478850122465~6704621236,IE,20260419,iOS,1,0,0,0,1
ca-app-pub-7891478850122465/1859860932,ca-app-pub-7891478850122465~6704621236,IN,20260419,iOS,1,0,0,0,1
ca-app-pub-7891478850122465/6565020438,ca-app-pub-7891478850122465~6704621236,IN,20260419,iOS,1,0,0,0,1
ca-app-pub-7891478850122465/6721664164,ca-app-pub-7891478850122465~6704621236,IN,20260419,iOS,1,0,0,0,1
ca-app-pub-7891478850122465/8171033829,ca-app-pub-7891478850122465~6704621236,IN,20260419,iOS,12,0,331,12,12
ca-app-pub-7891478850122465/1859860932,ca-app-pub-7891478850122465~6704621236,IQ,20260419,iOS,1,0,0,0,1
ca-app-pub-7891478850122465/6565020438,ca-app-pub-7891478850122465~6704621236,IQ,20260419,iOS,1,0,0,0,1
ca-app-pub-7891478850122465/6721664164,ca-app-pub-7891478850122465~6704621236,IQ,20260419,iOS,1,0,0,0,1
ca-app-pub-7891478850122465/1859860932,ca-app-pub-7891478850122465~6704621236,IT,20260419,iOS,6,0,0,0,6
ca-app-pub-7891478850122465/6565020438,ca-app-pub-7891478850122465~6704621236,IT,20260419,iOS,6,0,0,0,6
ca-app-pub-7891478850122465/6721664164,ca-app-pub-7891478850122465~6704621236,IT,20260419,iOS,6,0,0,0,6
ca-app-pub-7891478850122465/1859860932,ca-app-pub-7891478850122465~6704621236,JP,20260419,iOS,2,0,0,0,2
ca-app-pub-7891478850122465/6565020438,ca-app-pub-7891478850122465~6704621236,JP,20260419,iOS,4,0,57057,3,4
ca-app-pub-7891478850122465/6721664164,ca-app-pub-7891478850122465~6704621236,JP,20260419,iOS,2,0,0,0,2
ca-app-pub-7891478850122465/8171033829,ca-app-pub-7891478850122465~6704621236,JP,20260419,iOS,5,0,9503,5,5
ca-app-pub-7891478850122465/1859860932,ca-app-pub-7891478850122465~6704621236,MX,20260419,iOS,1,0,0,0,1
ca-app-pub-7891478850122465/6565020438,ca-app-pub-7891478850122465~6704621236,MX,20260419,iOS,1,0,0,0,1
ca-app-pub-7891478850122465/6721664164,ca-app-pub-7891478850122465~6704621236,MX,20260419,iOS,1,0,0,0,1
ca-app-pub-7891478850122465/8171033829,ca-app-pub-7891478850122465~6704621236,MX,20260419,iOS,2,0,3151,2,2
ca-app-pub-7891478850122465/1859860932,ca-app-pub-7891478850122465~6704621236,NA,20260419,iOS,3,0,0,0,3
ca-app-pub-7891478850122465/6565020438,ca-app-pub-7891478850122465~6704621236,NA,20260419,iOS,3,0,0,0,3
ca-app-pub-7891478850122465/6721664164,ca-app-pub-7891478850122465~6704621236,NA,20260419,iOS,3,0,0,0,3
ca-app-pub-7891478850122465/8171033829,ca-app-pub-7891478850122465~6704621236,NA,20260419,iOS,3,0,835,3,3
ca-app-pub-7891478850122465/1859860932,ca-app-pub-7891478850122465~6704621236,NL,20260419,iOS,1,0,0,0,1
ca-app-pub-7891478850122465/6565020438,ca-app-pub-7891478850122465~6704621236,NL,20260419,iOS,1,0,0,0,1
ca-app-pub-7891478850122465/6721664164,ca-app-pub-7891478850122465~6704621236,NL,20260419,iOS,1,0,0,0,1
ca-app-pub-7891478850122465/1859860932,ca-app-pub-7891478850122465~6704621236,OM,20260419,iOS,2,0,0,0,2
ca-app-pub-7891478850122465/6565020438,ca-app-pub-7891478850122465~6704621236,OM,20260419,iOS,2,0,0,0,2
ca-app-pub-7891478850122465/6721664164,ca-app-pub-7891478850122465~6704621236,OM,20260419,iOS,2,0,0,0,2
ca-app-pub-7891478850122465/8171033829,ca-app-pub-7891478850122465~6704621236,OM,20260419,iOS,3,1,1768,3,3
ca-app-pub-7891478850122465/1859860932,ca-app-pub-7891478850122465~6704621236,PH,20260419,iOS,2,0,0,0,2
ca-app-pub-7891478850122465/6565020438,ca-app-pub-7891478850122465~6704621236,PH,20260419,iOS,2,0,0,0,2
ca-app-pub-7891478850122465/6721664164,ca-app-pub-7891478850122465~6704621236,PH,20260419,iOS,2,0,0,0,2
ca-app-pub-7891478850122465/8171033829,ca-app-pub-7891478850122465~6704621236,PH,20260419,iOS,2,0,295,1,2
ca-app-pub-7891478850122465/1859860932,ca-app-pub-7891478850122465~6704621236,PR,20260419,iOS,2,0,0,0,2
ca-app-pub-7891478850122465/6565020438,ca-app-pub-7891478850122465~6704621236,PR,20260419,iOS,2,0,0,0,2
ca-app-pub-7891478850122465/6721664164,ca-app-pub-7891478850122465~6704621236,PR,20260419,iOS,2,0,0,0,2
ca-app-pub-7891478850122465/8171033829,ca-app-pub-7891478850122465~6704621236,PR,20260419,iOS,1,0,144,1,1
ca-app-pub-7891478850122465/1859860932,ca-app-pub-7891478850122465~6704621236,PS,20260419,iOS,1,0,0,0,1
ca-app-pub-7891478850122465/6565020438,ca-app-pub-7891478850122465~6704621236,PS,20260419,iOS,1,0,0,0,1
ca-app-pub-7891478850122465/6721664164,ca-app-pub-7891478850122465~6704621236,PS,20260419,iOS,1,0,0,0,1
ca-app-pub-7891478850122465/8171033829,ca-app-pub-7891478850122465~6704621236,RW,20260419,iOS,1,0,507,1,1
ca-app-pub-7891478850122465/1859860932,ca-app-pub-7891478850122465~6704621236,SA,20260419,iOS,2,0,0,0,2
ca-app-pub-7891478850122465/6565020438,ca-app-pub-7891478850122465~6704621236,SA,20260419,iOS,2,0,0,0,2
ca-app-pub-7891478850122465/6721664164,ca-app-pub-7891478850122465~6704621236,SA,20260419,iOS,2,0,0,0,2
ca-app-pub-7891478850122465/1859860932,ca-app-pub-7891478850122465~6704621236,SL,20260419,iOS,1,0,0,0,1
ca-app-pub-7891478850122465/6565020438,ca-app-pub-7891478850122465~6704621236,SL,20260419,iOS,1,0,0,0,1
ca-app-pub-7891478850122465/6721664164,ca-app-pub-7891478850122465~6704621236,SL,20260419,iOS,1,0,0,0,1
ca-app-pub-7891478850122465/1859860932,ca-app-pub-7891478850122465~6704621236,TG,20260419,iOS,1,0,0,0,1
ca-app-pub-7891478850122465/6565020438,ca-app-pub-7891478850122465~6704621236,TG,20260419,iOS,1,0,0,0,1
ca-app-pub-7891478850122465/6721664164,ca-app-pub-7891478850122465~6704621236,TG,20260419,iOS,1,0,0,0,1
ca-app-pub-7891478850122465/8171033829,ca-app-pub-7891478850122465~6704621236,TG,20260419,iOS,1,0,1736,1,1
ca-app-pub-7891478850122465/1859860932,ca-app-pub-7891478850122465~6704621236,TR,20260419,iOS,5,0,0,0,5
ca-app-pub-7891478850122465/6565020438,ca-app-pub-7891478850122465~6704621236,TR,20260419,iOS,5,0,0,0,5
ca-app-pub-7891478850122465/6721664164,ca-app-pub-7891478850122465~6704621236,TR,20260419,iOS,5,0,0,0,5
ca-app-pub-7891478850122465/8171033829,ca-app-pub-7891478850122465~6704621236,TR,20260419,iOS,7,1,3347,5,7
ca-app-pub-7891478850122465/1859860932,ca-app-pub-7891478850122465~6704621236,US,20260419,iOS,79,1,85824,2,79
ca-app-pub-7891478850122465/6565020438,ca-app-pub-7891478850122465~6704621236,US,20260419,iOS,77,0,0,0,77
ca-app-pub-7891478850122465/6721664164,ca-app-pub-7891478850122465~6704621236,US,20260419,iOS,75,0,0,0,75
ca-app-pub-7891478850122465/8171033829,ca-app-pub-7891478850122465~6704621236,US,20260419,iOS,34,1,76250,25,34
ca-app-pub-7891478850122465/1859860932,ca-app-pub-7891478850122465~6704621236,XK,20260419,iOS,1,0,0,0,1
ca-app-pub-7891478850122465/6565020438,ca-app-pub-7891478850122465~6704621236,XK,20260419,iOS,1,0,0,0,1
ca-app-pub-7891478850122465/6721664164,ca-app-pub-7891478850122465~6704621236,XK,20260419,iOS,1,0,0,0,1
ca-app-pub-7891478850122465/8171033829,ca-app-pub-7891478850122465~6704621236,XK,20260419,iOS,1,0,5935,1,1
ca-app-pub-7891478850122465/1859860932,ca-app-pub-7891478850122465~6704621236,ZA,20260419,iOS,2,0,0,0,2
ca-app-pub-7891478850122465/6565020438,ca-app-pub-7891478850122465~6704621236,ZA,20260419,iOS,3,1,7224,1,3
ca-app-pub-7891478850122465/6721664164,ca-app-pub-7891478850122465~6704621236,ZA,20260419,iOS,2,0,0,0,2
ca-app-pub-7891478850122465/8171033829,ca-app-pub-7891478850122465~6704621236,ZA,20260419,iOS,5,2,9800,5,5
ca-app-pub-7891478850122465/1859860932,ca-app-pub-7891478850122465~6704621236,AE,20260420,iOS,1,0,0,0,1
ca-app-pub-7891478850122465/6565020438,ca-app-pub-7891478850122465~6704621236,AE,20260420,iOS,1,0,0,0,1
ca-app-pub-7891478850122465/6721664164,ca-app-pub-7891478850122465~6704621236,AE,20260420,iOS,1,0,0,0,1
ca-app-pub-7891478850122465/8171033829,ca-app-pub-7891478850122465~6704621236,AE,20260420,iOS,3,1,36917,3,3
ca-app-pub-7891478850122465/1859860932,ca-app-pub-7891478850122465~6704621236,BR,20260420,iOS,1,0,0,0,1
ca-app-pub-7891478850122465/6565020438,ca-app-pub-7891478850122465~6704621236,BR,20260420,iOS,1,0,0,0,1
ca-app-pub-7891478850122465/6721664164,ca-app-pub-7891478850122465~6704621236,BR,20260420,iOS,1,0,0,0,1
ca-app-pub-7891478850122465/1859860932,ca-app-pub-7891478850122465~6704621236,CA,20260420,iOS,3,0,0,0,3
ca-app-pub-7891478850122465/6565020438,ca-app-pub-7891478850122465~6704621236,CA,20260420,iOS,4,0,43128,1,4
ca-app-pub-7891478850122465/6721664164,ca-app-pub-7891478850122465~6704621236,CA,20260420,iOS,3,0,0,0,3
ca-app-pub-7891478850122465/8171033829,ca-app-pub-7891478850122465~6704621236,CA,20260420,iOS,4,0,8383,4,4
ca-app-pub-7891478850122465/1859860932,ca-app-pub-7891478850122465~6704621236,CI,20260420,iOS,1,0,0,0,1
ca-app-pub-7891478850122465/6565020438,ca-app-pub-7891478850122465~6704621236,CI,20260420,iOS,1,0,0,0,1
ca-app-pub-7891478850122465/6721664164,ca-app-pub-7891478850122465~6704621236,CI,20260420,iOS,1,0,0,0,1
ca-app-pub-7891478850122465/8171033829,ca-app-pub-7891478850122465~6704621236,CI,20260420,iOS,2,0,4839,2,2
ca-app-pub-7891478850122465/1859860932,ca-app-pub-7891478850122465~6704621236,CM,20260420,iOS,1,0,0,0,1
ca-app-pub-7891478850122465/6565020438,ca-app-pub-7891478850122465~6704621236,CM,20260420,iOS,1,0,0,0,1
ca-app-pub-7891478850122465/6721664164,ca-app-pub-7891478850122465~6704621236,CM,20260420,iOS,1,0,0,0,1
ca-app-pub-7891478850122465/1859860932,ca-app-pub-7891478850122465~6704621236,CN,20260420,iOS,3,0,0,0,3
ca-app-pub-7891478850122465/6565020438,ca-app-pub-7891478850122465~6704621236,CN,20260420,iOS,3,0,0,0,3
ca-app-pub-7891478850122465/6721664164,ca-app-pub-7891478850122465~6704621236,CN,20260420,iOS,3,0,0,0,3
ca-app-pub-7891478850122465/8171033829,ca-app-pub-7891478850122465~6704621236,CN,20260420,iOS,1,0,1027,1,1
ca-app-pub-7891478850122465/1859860932,ca-app-pub-7891478850122465~6704621236,ES,20260420,iOS,2,0,0,0,2
ca-app-pub-7891478850122465/6565020438,ca-app-pub-7891478850122465~6704621236,ES,20260420,iOS,2,0,0,0,2
ca-app-pub-7891478850122465/6721664164,ca-app-pub-7891478850122465~6704621236,ES,20260420,iOS,2,0,0,0,2
ca-app-pub-7891478850122465/1859860932,ca-app-pub-7891478850122465~6704621236,FI,20260420,iOS,3,0,0,0,3
ca-app-pub-7891478850122465/6565020438,ca-app-pub-7891478850122465~6704621236,FI,20260420,iOS,3,0,0,0,3
ca-app-pub-7891478850122465/6721664164,ca-app-pub-7891478850122465~6704621236,FI,20260420,iOS,3,0,0,0,3
ca-app-pub-7891478850122465/1859860932,ca-app-pub-7891478850122465~6704621236,GB,20260420,iOS,4,0,0,0,4
ca-app-pub-7891478850122465/6565020438,ca-app-pub-7891478850122465~6704621236,GB,20260420,iOS,4,0,0,0,4
ca-app-pub-7891478850122465/6721664164,ca-app-pub-7891478850122465~6704621236,GB,20260420,iOS,4,0,0,0,4
ca-app-pub-7891478850122465/1859860932,ca-app-pub-7891478850122465~6704621236,IN,20260420,iOS,1,0,0,0,1
ca-app-pub-7891478850122465/6565020438,ca-app-pub-7891478850122465~6704621236,IN,20260420,iOS,2,0,1464,1,2
ca-app-pub-7891478850122465/6721664164,ca-app-pub-7891478850122465~6704621236,IN,20260420,iOS,1,0,0,0,1
ca-app-pub-7891478850122465/8171033829,ca-app-pub-7891478850122465~6704621236,IN,20260420,iOS,3,0,358,3,3
ca-app-pub-7891478850122465/1859860932,ca-app-pub-7891478850122465~6704621236,IQ,20260420,iOS,1,0,0,0,1
ca-app-pub-7891478850122465/6565020438,ca-app-pub-7891478850122465~6704621236,IQ,20260420,iOS,1,0,0,0,1
ca-app-pub-7891478850122465/6721664164,ca-app-pub-7891478850122465~6704621236,IQ,20260420,iOS,1,0,0,0,1
ca-app-pub-7891478850122465/1859860932,ca-app-pub-7891478850122465~6704621236,IT,20260420,iOS,1,0,0,0,1
ca-app-pub-7891478850122465/6565020438,ca-app-pub-7891478850122465~6704621236,IT,20260420,iOS,1,0,0,0,1
ca-app-pub-7891478850122465/6721664164,ca-app-pub-7891478850122465~6704621236,IT,20260420,iOS,1,0,0,0,1
ca-app-pub-7891478850122465/1859860932,ca-app-pub-7891478850122465~6704621236,KR,20260420,iOS,1,0,0,0,1
ca-app-pub-7891478850122465/6565020438,ca-app-pub-7891478850122465~6704621236,KR,20260420,iOS,1,0,0,0,1
ca-app-pub-7891478850122465/6721664164,ca-app-pub-7891478850122465~6704621236,KR,20260420,iOS,1,0,0,0,1
ca-app-pub-7891478850122465/1859860932,ca-app-pub-7891478850122465~6704621236,KZ,20260420,iOS,1,0,0,0,1
ca-app-pub-7891478850122465/6565020438,ca-app-pub-7891478850122465~6704621236,KZ,20260420,iOS,1,0,0,0,1
ca-app-pub-7891478850122465/6721664164,ca-app-pub-7891478850122465~6704621236,KZ,20260420,iOS,1,0,0,0,1
ca-app-pub-7891478850122465/1859860932,ca-app-pub-7891478850122465~6704621236,MX,20260420,iOS,2,0,0,0,2
ca-app-pub-7891478850122465/6565020438,ca-app-pub-7891478850122465~6704621236,MX,20260420,iOS,5,0,10908,3,5
ca-app-pub-7891478850122465/6721664164,ca-app-pub-7891478850122465~6704621236,MX,20260420,iOS,2,0,0,0,2
ca-app-pub-7891478850122465/8171033829,ca-app-pub-7891478850122465~6704621236,MX,20260420,iOS,6,2,8970,6,6
ca-app-pub-7891478850122465/1859860932,ca-app-pub-7891478850122465~6704621236,NA,20260420,iOS,2,0,0,0,2
ca-app-pub-7891478850122465/6565020438,ca-app-pub-7891478850122465~6704621236,NA,20260420,iOS,2,0,0,0,2
ca-app-pub-7891478850122465/6721664164,ca-app-pub-7891478850122465~6704621236,NA,20260420,iOS,2,0,0,0,2
ca-app-pub-7891478850122465/1859860932,ca-app-pub-7891478850122465~6704621236,NG,20260420,iOS,1,0,0,0,1
ca-app-pub-7891478850122465/3192641239,ca-app-pub-7891478850122465~6704621236,NG,20260420,iOS,1,0,0,0,1
ca-app-pub-7891478850122465/6565020438,ca-app-pub-7891478850122465~6704621236,NG,20260420,iOS,1,0,0,0,1
ca-app-pub-7891478850122465/6721664164,ca-app-pub-7891478850122465~6704621236,NG,20260420,iOS,1,0,0,0,1
ca-app-pub-7891478850122465/8171033829,ca-app-pub-7891478850122465~6704621236,NG,20260420,iOS,1,0,3843,1,1
ca-app-pub-7891478850122465/1859860932,ca-app-pub-7891478850122465~6704621236,NL,20260420,iOS,3,0,0,0,3
ca-app-pub-7891478850122465/6565020438,ca-app-pub-7891478850122465~6704621236,NL,20260420,iOS,3,0,0,0,3
ca-app-pub-7891478850122465/6721664164,ca-app-pub-7891478850122465~6704621236,NL,20260420,iOS,3,0,0,0,3
ca-app-pub-7891478850122465/1859860932,ca-app-pub-7891478850122465~6704621236,PR,20260420,iOS,1,0,0,0,1
ca-app-pub-7891478850122465/6565020438,ca-app-pub-7891478850122465~6704621236,PR,20260420,iOS,1,0,0,0,1
ca-app-pub-7891478850122465/6721664164,ca-app-pub-7891478850122465~6704621236,PR,20260420,iOS,1,0,0,0,1
ca-app-pub-7891478850122465/8171033829,ca-app-pub-7891478850122465~6704621236,PR,20260420,iOS,2,0,520,2,2
ca-app-pub-7891478850122465/1859860932,ca-app-pub-7891478850122465~6704621236,RW,20260420,iOS,1,0,0,0,1
ca-app-pub-7891478850122465/6565020438,ca-app-pub-7891478850122465~6704621236,RW,20260420,iOS,1,0,0,0,1
ca-app-pub-7891478850122465/6721664164,ca-app-pub-7891478850122465~6704621236,RW,20260420,iOS,1,0,0,0,1
ca-app-pub-7891478850122465/8171033829,ca-app-pub-7891478850122465~6704621236,RW,20260420,iOS,4,0,1632,4,4
ca-app-pub-7891478850122465/1859860932,ca-app-pub-7891478850122465~6704621236,SA,20260420,iOS,3,0,0,0,3
ca-app-pub-7891478850122465/6565020438,ca-app-pub-7891478850122465~6704621236,SA,20260420,iOS,4,0,14992,1,4
ca-app-pub-7891478850122465/6721664164,ca-app-pub-7891478850122465~6704621236,SA,20260420,iOS,3,0,0,0,3
ca-app-pub-7891478850122465/8171033829,ca-app-pub-7891478850122465~6704621236,SA,20260420,iOS,5,1,3339,4,5
ca-app-pub-7891478850122465/1859860932,ca-app-pub-7891478850122465~6704621236,SG,20260420,iOS,1,0,0,0,1
ca-app-pub-7891478850122465/6565020438,ca-app-pub-7891478850122465~6704621236,SG,20260420,iOS,1,0,0,0,1
ca-app-pub-7891478850122465/6721664164,ca-app-pub-7891478850122465~6704621236,SG,20260420,iOS,1,0,0,0,1
ca-app-pub-7891478850122465/1859860932,ca-app-pub-7891478850122465~6704621236,SL,20260420,iOS,2,0,0,0,2
ca-app-pub-7891478850122465/6565020438,ca-app-pub-7891478850122465~6704621236,SL,20260420,iOS,2,0,0,0,2
ca-app-pub-7891478850122465/6721664164,ca-app-pub-7891478850122465~6704621236,SL,20260420,iOS,2,0,0,0,2
ca-app-pub-7891478850122465/1859860932,ca-app-pub-7891478850122465~6704621236,TR,20260420,iOS,4,0,0,0,4
ca-app-pub-7891478850122465/6565020438,ca-app-pub-7891478850122465~6704621236,TR,20260420,iOS,4,0,0,0,4
ca-app-pub-7891478850122465/6721664164,ca-app-pub-7891478850122465~6704621236,TR,20260420,iOS,4,0,0,0,4
ca-app-pub-7891478850122465/8171033829,ca-app-pub-7891478850122465~6704621236,TR,20260420,iOS,1,0,0,0,1
ca-app-pub-7891478850122465/1859860932,ca-app-pub-7891478850122465~6704621236,US,20260420,iOS,71,0,0,0,71
ca-app-pub-7891478850122465/6565020438,ca-app-pub-7891478850122465~6704621236,US,20260420,iOS,74,0,0,0,74
ca-app-pub-7891478850122465/6721664164,ca-app-pub-7891478850122465~6704621236,US,20260420,iOS,71,0,0,0,71
ca-app-pub-7891478850122465/8171033829,ca-app-pub-7891478850122465~6704621236,US,20260420,iOS,8,0,20684,6,8
ca-app-pub-7891478850122465/1859860932,ca-app-pub-7891478850122465~6704621236,ZA,20260420,iOS,1,0,0,0,1
ca-app-pub-7891478850122465/6565020438,ca-app-pub-7891478850122465~6704621236,ZA,20260420,iOS,1,0,0,0,1
ca-app-pub-7891478850122465/6721664164,ca-app-pub-7891478850122465~6704621236,ZA,20260420,iOS,1,0,0,0,1
ca-app-pub-7891478850122465/8171033829,ca-app-pub-7891478850122465~6704621236,ZA,20260420,iOS,1,0,639,1,1
ca-app-pub-7891478850122465/1859860932,ca-app-pub-7891478850122465~6704621236,BA,20260421,iOS,1,0,0,0,1
ca-app-pub-7891478850122465/6565020438,ca-app-pub-7891478850122465~6704621236,BA,20260421,iOS,1,0,0,0,1
ca-app-pub-7891478850122465/6721664164,ca-app-pub-7891478850122465~6704621236,BA,20260421,iOS,1,0,0,0,1
ca-app-pub-7891478850122465/1859860932,ca-app-pub-7891478850122465~6704621236,BR,20260421,iOS,5,0,0,0,5
ca-app-pub-7891478850122465/6565020438,ca-app-pub-7891478850122465~6704621236,BR,20260421,iOS,5,0,0,0,5
ca-app-pub-7891478850122465/6721664164,ca-app-pub-7891478850122465~6704621236,BR,20260421,iOS,5,0,0,0,5
ca-app-pub-7891478850122465/8171033829,ca-app-pub-7891478850122465~6704621236,BR,20260421,iOS,19,1,16924,19,19
ca-app-pub-7891478850122465/1859860932,ca-app-pub-7891478850122465~6704621236,CA,20260421,iOS,3,0,0,0,3
ca-app-pub-7891478850122465/6565020438,ca-app-pub-7891478850122465~6704621236,CA,20260421,iOS,7,1,74188,4,7
ca-app-pub-7891478850122465/6721664164,ca-app-pub-7891478850122465~6704621236,CA,20260421,iOS,3,0,0,0,3
ca-app-pub-7891478850122465/8171033829,ca-app-pub-7891478850122465~6704621236,CA,20260421,iOS,10,0,14699,10,10
ca-app-pub-7891478850122465/1859860932,ca-app-pub-7891478850122465~6704621236,CI,20260421,iOS,1,0,0,0,1
ca-app-pub-7891478850122465/6565020438,ca-app-pub-7891478850122465~6704621236,CI,20260421,iOS,1,0,0,0,1
ca-app-pub-7891478850122465/6721664164,ca-app-pub-7891478850122465~6704621236,CI,20260421,iOS,1,0,0,0,1
ca-app-pub-7891478850122465/8171033829,ca-app-pub-7891478850122465~6704621236,CI,20260421,iOS,1,0,346,1,1
ca-app-pub-7891478850122465/1859860932,ca-app-pub-7891478850122465~6704621236,DE,20260421,iOS,11,0,0,0,11
ca-app-pub-7891478850122465/6565020438,ca-app-pub-7891478850122465~6704621236,DE,20260421,iOS,11,0,0,0,11
ca-app-pub-7891478850122465/6721664164,ca-app-pub-7891478850122465~6704621236,DE,20260421,iOS,11,0,0,0,11
ca-app-pub-7891478850122465/1859860932,ca-app-pub-7891478850122465~6704621236,DO,20260421,iOS,1,0,0,0,1
ca-app-pub-7891478850122465/6565020438,ca-app-pub-7891478850122465~6704621236,DO,20260421,iOS,1,0,0,0,1
ca-app-pub-7891478850122465/6721664164,ca-app-pub-7891478850122465~6704621236,DO,20260421,iOS,1,0,0,0,1
ca-app-pub-7891478850122465/1859860932,ca-app-pub-7891478850122465~6704621236,ES,20260421,iOS,1,0,0,0,1
ca-app-pub-7891478850122465/6565020438,ca-app-pub-7891478850122465~6704621236,ES,20260421,iOS,1,0,0,0,1
ca-app-pub-7891478850122465/6721664164,ca-app-pub-7891478850122465~6704621236,ES,20260421,iOS,1,0,0,0,1
ca-app-pub-7891478850122465/1859860932,ca-app-pub-7891478850122465~6704621236,FI,20260421,iOS,1,0,0,0,1
ca-app-pub-7891478850122465/6565020438,ca-app-pub-7891478850122465~6704621236,FI,20260421,iOS,1,0,0,0,1
ca-app-pub-7891478850122465/6721664164,ca-app-pub-7891478850122465~6704621236,FI,20260421,iOS,1,0,0,0,1
ca-app-pub-7891478850122465/1859860932,ca-app-pub-7891478850122465~6704621236,FR,20260421,iOS,5,0,0,0,5
ca-app-pub-7891478850122465/6565020438,ca-app-pub-7891478850122465~6704621236,FR,20260421,iOS,5,0,0,0,5
ca-app-pub-7891478850122465/6721664164,ca-app-pub-7891478850122465~6704621236,FR,20260421,iOS,5,0,0,0,5
ca-app-pub-7891478850122465/1859860932,ca-app-pub-7891478850122465~6704621236,GB,20260421,iOS,9,0,0,0,9
ca-app-pub-7891478850122465/6565020438,ca-app-pub-7891478850122465~6704621236,GB,20260421,iOS,9,0,0,0,9
ca-app-pub-7891478850122465/6721664164,ca-app-pub-7891478850122465~6704621236,GB,20260421,iOS,9,0,0,0,9
ca-app-pub-7891478850122465/1859860932,ca-app-pub-7891478850122465~6704621236,GH,20260421,iOS,2,0,0,0,2
ca-app-pub-7891478850122465/6565020438,ca-app-pub-7891478850122465~6704621236,GH,20260421,iOS,2,0,0,0,2
ca-app-pub-7891478850122465/6721664164,ca-app-pub-7891478850122465~6704621236,GH,20260421,iOS,2,0,0,0,2
ca-app-pub-7891478850122465/8171033829,ca-app-pub-7891478850122465~6704621236,GH,20260421,iOS,1,0,720,1,1
ca-app-pub-7891478850122465/1859860932,ca-app-pub-7891478850122465~6704621236,GR,20260421,iOS,3,0,0,0,3
ca-app-pub-7891478850122465/6565020438,ca-app-pub-7891478850122465~6704621236,GR,20260421,iOS,3,0,0,0,3
ca-app-pub-7891478850122465/6721664164,ca-app-pub-7891478850122465~6704621236,GR,20260421,iOS,3,0,0,0,3
ca-app-pub-7891478850122465/1859860932,ca-app-pub-7891478850122465~6704621236,GT,20260421,iOS,1,0,0,0,1
ca-app-pub-7891478850122465/6565020438,ca-app-pub-7891478850122465~6704621236,GT,20260421,iOS,4,0,13223,3,4
ca-app-pub-7891478850122465/6721664164,ca-app-pub-7891478850122465~6704621236,GT,20260421,iOS,1,0,0,0,1
ca-app-pub-7891478850122465/8171033829,ca-app-pub-7891478850122465~6704621236,GT,20260421,iOS,4,1,6936,4,4
ca-app-pub-7891478850122465/1859860932,ca-app-pub-7891478850122465~6704621236,IN,20260421,iOS,4,0,0,0,4
ca-app-pub-7891478850122465/6565020438,ca-app-pub-7891478850122465~6704621236,IN,20260421,iOS,4,0,0,0,4
ca-app-pub-7891478850122465/6721664164,ca-app-pub-7891478850122465~6704621236,IN,20260421,iOS,4,0,0,0,4
ca-app-pub-7891478850122465/1859860932,ca-app-pub-7891478850122465~6704621236,IQ,20260421,iOS,1,0,0,0,1
ca-app-pub-7891478850122465/6565020438,ca-app-pub-7891478850122465~6704621236,IQ,20260421,iOS,1,0,0,0,1
ca-app-pub-7891478850122465/6721664164,ca-app-pub-7891478850122465~6704621236,IQ,20260421,iOS,1,0,0,0,1
ca-app-pub-7891478850122465/1859860932,ca-app-pub-7891478850122465~6704621236,IT,20260421,iOS,3,0,0,0,3
ca-app-pub-7891478850122465/6565020438,ca-app-pub-7891478850122465~6704621236,IT,20260421,iOS,3,0,0,0,3
ca-app-pub-7891478850122465/6721664164,ca-app-pub-7891478850122465~6704621236,IT,20260421,iOS,3,0,0,0,3
ca-app-pub-7891478850122465/1715908034,ca-app-pub-7891478850122465~6704621236,KE,20260421,iOS,1,0,0,0,1
ca-app-pub-7891478850122465/1859860932,ca-app-pub-7891478850122465~6704621236,KZ,20260421,iOS,1,0,0,0,1
ca-app-pub-7891478850122465/6565020438,ca-app-pub-7891478850122465~6704621236,KZ,20260421,iOS,1,0,0,0,1
ca-app-pub-7891478850122465/6721664164,ca-app-pub-7891478850122465~6704621236,KZ,20260421,iOS,1,0,0,0,1
ca-app-pub-7891478850122465/1859860932,ca-app-pub-7891478850122465~6704621236,MX,20260421,iOS,1,0,0,0,1
ca-app-pub-7891478850122465/6565020438,ca-app-pub-7891478850122465~6704621236,MX,20260421,iOS,1,0,0,0,1
ca-app-pub-7891478850122465/6721664164,ca-app-pub-7891478850122465~6704621236,MX,20260421,iOS,1,0,0,0,1
ca-app-pub-7891478850122465/1859860932,ca-app-pub-7891478850122465~6704621236,NA,20260421,iOS,1,0,0,0,1
ca-app-pub-7891478850122465/6565020438,ca-app-pub-7891478850122465~6704621236,NA,20260421,iOS,1,0,0,0,1
ca-app-pub-7891478850122465/1859860932,ca-app-pub-7891478850122465~6704621236,NG,20260421,iOS,1,0,0,0,1
ca-app-pub-7891478850122465/6565020438,ca-app-pub-7891478850122465~6704621236,NG,20260421,iOS,1,0,0,0,1
ca-app-pub-7891478850122465/6721664164,ca-app-pub-7891478850122465~6704621236,NG,20260421,iOS,1,0,0,0,1
ca-app-pub-7891478850122465/8171033829,ca-app-pub-7891478850122465~6704621236,NG,20260421,iOS,2,0,3787,2,2
ca-app-pub-7891478850122465/3192641239,ca-app-pub-7891478850122465~6704621236,NL,20260421,iOS,1,0,0,0,1
ca-app-pub-7891478850122465/6565020438,ca-app-pub-7891478850122465~6704621236,NO,20260421,iOS,78,0,0,0,78
ca-app-pub-7891478850122465/8171033829,ca-app-pub-7891478850122465~6704621236,NO,20260421,iOS,8,0,6533,3,8
ca-app-pub-7891478850122465/1859860932,ca-app-pub-7891478850122465~6704621236,PA,20260421,iOS,1,0,0,0,1
ca-app-pub-7891478850122465/6565020438,ca-app-pub-7891478850122465~6704621236,PA,20260421,iOS,1,0,0,0,1
ca-app-pub-7891478850122465/6721664164,ca-app-pub-7891478850122465~6704621236,PA,20260421,iOS,1,0,0,0,1
ca-app-pub-7891478850122465/1859860932,ca-app-pub-7891478850122465~6704621236,PH,20260421,iOS,1,0,0,0,1
ca-app-pub-7891478850122465/6565020438,ca-app-pub-7891478850122465~6704621236,PH,20260421,iOS,1,0,0,0,1
ca-app-pub-7891478850122465/6721664164,ca-app-pub-7891478850122465~6704621236,PH,20260421,iOS,1,0,0,0,1
ca-app-pub-7891478850122465/1859860932,ca-app-pub-7891478850122465~6704621236,PR,20260421,iOS,3,0,0,0,3
ca-app-pub-7891478850122465/6565020438,ca-app-pub-7891478850122465~6704621236,PR,20260421,iOS,3,0,0,0,3
ca-app-pub-7891478850122465/6721664164,ca-app-pub-7891478850122465~6704621236,PR,20260421,iOS,3,0,0,0,3
ca-app-pub-7891478850122465/8171033829,ca-app-pub-7891478850122465~6704621236,PR,20260421,iOS,1,0,255,1,1
ca-app-pub-7891478850122465/1859860932,ca-app-pub-7891478850122465~6704621236,RW,20260421,iOS,1,0,0,0,1
ca-app-pub-7891478850122465/6565020438,ca-app-pub-7891478850122465~6704621236,RW,20260421,iOS,2,0,4336,1,2
ca-app-pub-7891478850122465/6721664164,ca-app-pub-7891478850122465~6704621236,RW,20260421,iOS,1,0,0,0,1
ca-app-pub-7891478850122465/8171033829,ca-app-pub-7891478850122465~6704621236,RW,20260421,iOS,2,0,1351,2,2
ca-app-pub-7891478850122465/1859860932,ca-app-pub-7891478850122465~6704621236,SA,20260421,iOS,5,0,0,0,5
ca-app-pub-7891478850122465/6565020438,ca-app-pub-7891478850122465~6704621236,SA,20260421,iOS,10,0,62692,5,10
ca-app-pub-7891478850122465/6721664164,ca-app-pub-7891478850122465~6704621236,SA,20260421,iOS,5,0,0,0,5
ca-app-pub-7891478850122465/8171033829,ca-app-pub-7891478850122465~6704621236,SA,20260421,iOS,14,1,18370,9,14
ca-app-pub-7891478850122465/1859860932,ca-app-pub-7891478850122465~6704621236,SE,20260421,iOS,4,0,0,0,4
ca-app-pub-7891478850122465/6565020438,ca-app-pub-7891478850122465~6704621236,SE,20260421,iOS,4,0,0,0,4
ca-app-pub-7891478850122465/6721664164,ca-app-pub-7891478850122465~6704621236,SE,20260421,iOS,4,0,0,0,4
ca-app-pub-7891478850122465/1859860932,ca-app-pub-7891478850122465~6704621236,SL,20260421,iOS,1,0,0,0,1
ca-app-pub-7891478850122465/6565020438,ca-app-pub-7891478850122465~6704621236,SL,20260421,iOS,1,0,0,0,1
ca-app-pub-7891478850122465/6721664164,ca-app-pub-7891478850122465~6704621236,SL,20260421,iOS,1,0,0,0,1
ca-app-pub-7891478850122465/1859860932,ca-app-pub-7891478850122465~6704621236,TR,20260421,iOS,4,0,0,0,4
ca-app-pub-7891478850122465/6565020438,ca-app-pub-7891478850122465~6704621236,TR,20260421,iOS,4,0,0,0,4
ca-app-pub-7891478850122465/6721664164,ca-app-pub-7891478850122465~6704621236,TR,20260421,iOS,4,0,0,0,4
ca-app-pub-7891478850122465/8171033829,ca-app-pub-7891478850122465~6704621236,TR,20260421,iOS,1,0,0,0,1
ca-app-pub-7891478850122465/1859860932,ca-app-pub-7891478850122465~6704621236,US,20260421,iOS,60,0,0,0,60
ca-app-pub-7891478850122465/6565020438,ca-app-pub-7891478850122465~6704621236,US,20260421,iOS,63,0,97960,2,63
ca-app-pub-7891478850122465/6721664164,ca-app-pub-7891478850122465~6704621236,US,20260421,iOS,59,0,0,0,59
ca-app-pub-7891478850122465/8171033829,ca-app-pub-7891478850122465~6704621236,US,20260421,iOS,15,1,241060,10,15
ca-app-pub-7891478850122465/1859860932,ca-app-pub-7891478850122465~6704621236,ZA,20260421,iOS,1,0,0,0,1
ca-app-pub-7891478850122465/6565020438,ca-app-pub-7891478850122465~6704621236,ZA,20260421,iOS,1,0,0,0,1
ca-app-pub-7891478850122465/6721664164,ca-app-pub-7891478850122465~6704621236,ZA,20260421,iOS,1,0,0,0,1
ca-app-pub-7891478850122465/8171033829,ca-app-pub-7891478850122465~6704621236,ZA,20260421,iOS,2,0,2935,2,2
ca-app-pub-7891478850122465/1859860932,ca-app-pub-7891478850122465~6704621236,AU,20260422,iOS,2,0,0,0,2
ca-app-pub-7891478850122465/6565020438,ca-app-pub-7891478850122465~6704621236,AU,20260422,iOS,2,0,0,0,2
ca-app-pub-7891478850122465/6721664164,ca-app-pub-7891478850122465~6704621236,AU,20260422,iOS,2,0,0,0,2
ca-app-pub-7891478850122465/1859860932,ca-app-pub-7891478850122465~6704621236,BR,20260422,iOS,4,0,0,0,4
ca-app-pub-7891478850122465/6565020438,ca-app-pub-7891478850122465~6704621236,BR,20260422,iOS,5,0,13680,1,5
ca-app-pub-7891478850122465/6721664164,ca-app-pub-7891478850122465~6704621236,BR,20260422,iOS,4,0,0,0,4
ca-app-pub-7891478850122465/8171033829,ca-app-pub-7891478850122465~6704621236,BR,20260422,iOS,4,1,1616,3,4
ca-app-pub-7891478850122465/1859860932,ca-app-pub-7891478850122465~6704621236,CA,20260422,iOS,1,0,0,0,1
ca-app-pub-7891478850122465/6565020438,ca-app-pub-7891478850122465~6704621236,CA,20260422,iOS,1,0,0,0,1
ca-app-pub-7891478850122465/6721664164,ca-app-pub-7891478850122465~6704621236,CA,20260422,iOS,1,0,0,0,1
ca-app-pub-7891478850122465/1859860932,ca-app-pub-7891478850122465~6704621236,CM,20260422,iOS,1,0,0,0,1
ca-app-pub-7891478850122465/6565020438,ca-app-pub-7891478850122465~6704621236,CM,20260422,iOS,1,0,0,0,1
ca-app-pub-7891478850122465/6721664164,ca-app-pub-7891478850122465~6704621236,CM,20260422,iOS,1,0,0,0,1
ca-app-pub-7891478850122465/1859860932,ca-app-pub-7891478850122465~6704621236,CN,20260422,iOS,1,0,0,0,1
ca-app-pub-7891478850122465/6565020438,ca-app-pub-7891478850122465~6704621236,CN,20260422,iOS,1,0,0,0,1
ca-app-pub-7891478850122465/6721664164,ca-app-pub-7891478850122465~6704621236,CN,20260422,iOS,1,0,0,0,1
ca-app-pub-7891478850122465/1859860932,ca-app-pub-7891478850122465~6704621236,CO,20260422,iOS,3,0,10103,1,3
ca-app-pub-7891478850122465/6565020438,ca-app-pub-7891478850122465~6704621236,CO,20260422,iOS,4,0,17504,2,4
ca-app-pub-7891478850122465/6721664164,ca-app-pub-7891478850122465~6704621236,CO,20260422,iOS,2,0,0,0,2
ca-app-pub-7891478850122465/8171033829,ca-app-pub-7891478850122465~6704621236,CO,20260422,iOS,4,0,4235,4,4
ca-app-pub-7891478850122465/1859860932,ca-app-pub-7891478850122465~6704621236,CZ,20260422,iOS,1,0,0,0,1
ca-app-pub-7891478850122465/6565020438,ca-app-pub-7891478850122465~6704621236,CZ,20260422,iOS,1,0,0,0,1
ca-app-pub-7891478850122465/6721664164,ca-app-pub-7891478850122465~6704621236,CZ,20260422,iOS,1,0,0,0,1
ca-app-pub-7891478850122465/1859860932,ca-app-pub-7891478850122465~6704621236,DE,20260422,iOS,3,0,0,0,3
ca-app-pub-7891478850122465/6565020438,ca-app-pub-7891478850122465~6704621236,DE,20260422,iOS,3,0,0,0,3
ca-app-pub-7891478850122465/6721664164,ca-app-pub-7891478850122465~6704621236,DE,20260422,iOS,3,0,0,0,3
ca-app-pub-7891478850122465/1859860932,ca-app-pub-7891478850122465~6704621236,ES,20260422,iOS,1,0,0,0,1
ca-app-pub-7891478850122465/6565020438,ca-app-pub-7891478850122465~6704621236,ES,20260422,iOS,1,0,0,0,1
ca-app-pub-7891478850122465/6721664164,ca-app-pub-7891478850122465~6704621236,ES,20260422,iOS,1,0,0,0,1
ca-app-pub-7891478850122465/1859860932,ca-app-pub-7891478850122465~6704621236,FI,20260422,iOS,1,0,0,0,1
ca-app-pub-7891478850122465/6565020438,ca-app-pub-7891478850122465~6704621236,FI,20260422,iOS,1,0,0,0,1
ca-app-pub-7891478850122465/6721664164,ca-app-pub-7891478850122465~6704621236,FI,20260422,iOS,1,0,0,0,1
ca-app-pub-7891478850122465/1859860932,ca-app-pub-7891478850122465~6704621236,FR,20260422,iOS,1,0,0,0,1
ca-app-pub-7891478850122465/6565020438,ca-app-pub-7891478850122465~6704621236,FR,20260422,iOS,1,0,0,0,1
ca-app-pub-7891478850122465/6721664164,ca-app-pub-7891478850122465~6704621236,FR,20260422,iOS,1,0,0,0,1
ca-app-pub-7891478850122465/8171033829,ca-app-pub-7891478850122465~6704621236,FR,20260422,iOS,1,0,0,0,1
ca-app-pub-7891478850122465/1859860932,ca-app-pub-7891478850122465~6704621236,GB,20260422,iOS,1,0,0,0,1
ca-app-pub-7891478850122465/6565020438,ca-app-pub-7891478850122465~6704621236,GB,20260422,iOS,1,0,0,0,1
ca-app-pub-7891478850122465/6721664164,ca-app-pub-7891478850122465~6704621236,GB,20260422,iOS,1,0,0,0,1
ca-app-pub-7891478850122465/1859860932,ca-app-pub-7891478850122465~6704621236,IE,20260422,iOS,4,0,0,0,4
ca-app-pub-7891478850122465/6565020438,ca-app-pub-7891478850122465~6704621236,IE,20260422,iOS,4,0,0,0,4
ca-app-pub-7891478850122465/6721664164,ca-app-pub-7891478850122465~6704621236,IE,20260422,iOS,4,0,0,0,4
ca-app-pub-7891478850122465/1859860932,ca-app-pub-7891478850122465~6704621236,IN,20260422,iOS,3,0,0,0,3
ca-app-pub-7891478850122465/6565020438,ca-app-pub-7891478850122465~6704621236,IN,20260422,iOS,3,0,0,0,3
ca-app-pub-7891478850122465/6721664164,ca-app-pub-7891478850122465~6704621236,IN,20260422,iOS,3,0,0,0,3
ca-app-pub-7891478850122465/8171033829,ca-app-pub-7891478850122465~6704621236,IN,20260422,iOS,4,0,1865,4,4
ca-app-pub-7891478850122465/1859860932,ca-app-pub-7891478850122465~6704621236,IT,20260422,iOS,5,0,0,0,5
ca-app-pub-7891478850122465/6565020438,ca-app-pub-7891478850122465~6704621236,IT,20260422,iOS,5,0,0,0,5
ca-app-pub-7891478850122465/6721664164,ca-app-pub-7891478850122465~6704621236,IT,20260422,iOS,5,0,0,0,5
ca-app-pub-7891478850122465/1859860932,ca-app-pub-7891478850122465~6704621236,JP,20260422,iOS,1,0,0,0,1
ca-app-pub-7891478850122465/6565020438,ca-app-pub-7891478850122465~6704621236,JP,20260422,iOS,1,0,0,0,1
ca-app-pub-7891478850122465/6721664164,ca-app-pub-7891478850122465~6704621236,JP,20260422,iOS,1,0,0,0,1
ca-app-pub-7891478850122465/8171033829,ca-app-pub-7891478850122465~6704621236,JP,20260422,iOS,16,0,21529,16,16
ca-app-pub-7891478850122465/1859860932,ca-app-pub-7891478850122465~6704621236,KR,20260422,iOS,1,0,0,0,1
ca-app-pub-7891478850122465/6565020438,ca-app-pub-7891478850122465~6704621236,KR,20260422,iOS,1,0,0,0,1
ca-app-pub-7891478850122465/6721664164,ca-app-pub-7891478850122465~6704621236,KR,20260422,iOS,1,0,0,0,1
ca-app-pub-7891478850122465/8171033829,ca-app-pub-7891478850122465~6704621236,KR,20260422,iOS,1,0,249,1,1
ca-app-pub-7891478850122465/1859860932,ca-app-pub-7891478850122465~6704621236,MX,20260422,iOS,1,0,0,0,1
ca-app-pub-7891478850122465/6565020438,ca-app-pub-7891478850122465~6704621236,MX,20260422,iOS,1,0,0,0,1
ca-app-pub-7891478850122465/6721664164,ca-app-pub-7891478850122465~6704621236,MX,20260422,iOS,1,0,0,0,1
ca-app-pub-7891478850122465/1859860932,ca-app-pub-7891478850122465~6704621236,MZ,20260422,iOS,1,0,0,0,1
ca-app-pub-7891478850122465/6565020438,ca-app-pub-7891478850122465~6704621236,MZ,20260422,iOS,2,0,2887,1,2
ca-app-pub-7891478850122465/6721664164,ca-app-pub-7891478850122465~6704621236,MZ,20260422,iOS,1,0,0,0,1
ca-app-pub-7891478850122465/8171033829,ca-app-pub-7891478850122465~6704621236,MZ,20260422,iOS,4,1,4238,3,4
ca-app-pub-7891478850122465/1859860932,ca-app-pub-7891478850122465~6704621236,NA,20260422,iOS,1,0,0,0,1
ca-app-pub-7891478850122465/6565020438,ca-app-pub-7891478850122465~6704621236,NA,20260422,iOS,1,0,0,0,1
ca-app-pub-7891478850122465/6721664164,ca-app-pub-7891478850122465~6704621236,NA,20260422,iOS,1,0,0,0,1
ca-app-pub-7891478850122465/1859860932,ca-app-pub-7891478850122465~6704621236,NG,20260422,iOS,1,0,0,0,1
ca-app-pub-7891478850122465/6565020438,ca-app-pub-7891478850122465~6704621236,NG,20260422,iOS,1,0,0,0,1
ca-app-pub-7891478850122465/6721664164,ca-app-pub-7891478850122465~6704621236,NG,20260422,iOS,1,0,0,0,1
ca-app-pub-7891478850122465/8171033829,ca-app-pub-7891478850122465~6704621236,NG,20260422,iOS,1,0,1408,1,1
ca-app-pub-7891478850122465/1859860932,ca-app-pub-7891478850122465~6704621236,NL,20260422,iOS,3,0,0,0,3
ca-app-pub-7891478850122465/6565020438,ca-app-pub-7891478850122465~6704621236,NL,20260422,iOS,3,0,0,0,3
ca-app-pub-7891478850122465/6721664164,ca-app-pub-7891478850122465~6704621236,NL,20260422,iOS,3,0,0,0,3
ca-app-pub-7891478850122465/1859860932,ca-app-pub-7891478850122465~6704621236,PA,20260422,iOS,1,0,0,0,1
ca-app-pub-7891478850122465/6565020438,ca-app-pub-7891478850122465~6704621236,PA,20260422,iOS,1,0,0,0,1
ca-app-pub-7891478850122465/6721664164,ca-app-pub-7891478850122465~6704621236,PA,20260422,iOS,1,0,0,0,1
ca-app-pub-7891478850122465/1859860932,ca-app-pub-7891478850122465~6704621236,PH,20260422,iOS,1,0,0,0,1
ca-app-pub-7891478850122465/6565020438,ca-app-pub-7891478850122465~6704621236,PH,20260422,iOS,1,0,0,0,1
ca-app-pub-7891478850122465/6721664164,ca-app-pub-7891478850122465~6704621236,PH,20260422,iOS,1,0,0,0,1
ca-app-pub-7891478850122465/1859860932,ca-app-pub-7891478850122465~6704621236,PR,20260422,iOS,2,0,0,0,2
ca-app-pub-7891478850122465/6565020438,ca-app-pub-7891478850122465~6704621236,PR,20260422,iOS,2,0,0,0,2
ca-app-pub-7891478850122465/6721664164,ca-app-pub-7891478850122465~6704621236,PR,20260422,iOS,2,0,0,0,2
ca-app-pub-7891478850122465/8171033829,ca-app-pub-7891478850122465~6704621236,PR,20260422,iOS,1,0,127,1,1
ca-app-pub-7891478850122465/1859860932,ca-app-pub-7891478850122465~6704621236,SA,20260422,iOS,3,0,0,0,3
ca-app-pub-7891478850122465/6565020438,ca-app-pub-7891478850122465~6704621236,SA,20260422,iOS,3,0,0,0,3
ca-app-pub-7891478850122465/6721664164,ca-app-pub-7891478850122465~6704621236,SA,20260422,iOS,3,0,0,0,3
ca-app-pub-7891478850122465/8171033829,ca-app-pub-7891478850122465~6704621236,SA,20260422,iOS,1,0,2263,1,1
ca-app-pub-7891478850122465/1859860932,ca-app-pub-7891478850122465~6704621236,SL,20260422,iOS,1,0,0,0,1
ca-app-pub-7891478850122465/6565020438,ca-app-pub-7891478850122465~6704621236,SL,20260422,iOS,1,0,0,0,1
ca-app-pub-7891478850122465/6721664164,ca-app-pub-7891478850122465~6704621236,SL,20260422,iOS,1,0,0,0,1
ca-app-pub-7891478850122465/1859860932,ca-app-pub-7891478850122465~6704621236,SR,20260422,iOS,1,0,0,0,1
ca-app-pub-7891478850122465/6565020438,ca-app-pub-7891478850122465~6704621236,SR,20260422,iOS,1,0,0,0,1
ca-app-pub-7891478850122465/6721664164,ca-app-pub-7891478850122465~6704621236,SR,20260422,iOS,1,0,0,0,1
ca-app-pub-7891478850122465/8171033829,ca-app-pub-7891478850122465~6704621236,SR,20260422,iOS,1,0,1551,1,1
ca-app-pub-7891478850122465/1859860932,ca-app-pub-7891478850122465~6704621236,TR,20260422,iOS,5,0,0,0,5
ca-app-pub-7891478850122465/6565020438,ca-app-pub-7891478850122465~6704621236,TR,20260422,iOS,5,0,0,0,5
ca-app-pub-7891478850122465/6721664164,ca-app-pub-7891478850122465~6704621236,TR,20260422,iOS,5,0,0,0,5
ca-app-pub-7891478850122465/1859860932,ca-app-pub-7891478850122465~6704621236,UG,20260422,iOS,1,0,0,0,1
ca-app-pub-7891478850122465/6565020438,ca-app-pub-7891478850122465~6704621236,UG,20260422,iOS,1,0,0,0,1
ca-app-pub-7891478850122465/6721664164,ca-app-pub-7891478850122465~6704621236,UG,20260422,iOS,1,0,0,0,1
ca-app-pub-7891478850122465/8171033829,ca-app-pub-7891478850122465~6704621236,UG,20260422,iOS,5,0,4429,5,5
ca-app-pub-7891478850122465/1859860932,ca-app-pub-7891478850122465~6704621236,US,20260422,iOS,57,0,0,0,57
ca-app-pub-7891478850122465/6565020438,ca-app-pub-7891478850122465~6704621236,US,20260422,iOS,59,0,47544,1,59
ca-app-pub-7891478850122465/6721664164,ca-app-pub-7891478850122465~6704621236,US,20260422,iOS,57,0,0,0,57
ca-app-pub-7891478850122465/8171033829,ca-app-pub-7891478850122465~6704621236,US,20260422,iOS,13,1,50125,11,13
ca-app-pub-7891478850122465/1859860932,ca-app-pub-7891478850122465~6704621236,VE,20260422,iOS,1,0,0,0,1
ca-app-pub-7891478850122465/6565020438,ca-app-pub-7891478850122465~6704621236,VE,20260422,iOS,1,0,0,0,1
ca-app-pub-7891478850122465/6721664164,ca-app-pub-7891478850122465~6704621236,VE,20260422,iOS,1,0,0,0,1
ca-app-pub-7891478850122465/1859860932,ca-app-pub-7891478850122465~6704621236,ZA,20260422,iOS,1,0,0,0,1
ca-app-pub-7891478850122465/6565020438,ca-app-pub-7891478850122465~6704621236,ZA,20260422,iOS,1,0,0,0,1
ca-app-pub-7891478850122465/6721664164,ca-app-pub-7891478850122465~6704621236,ZA,20260422,iOS,1,0,0,0,1
ca-app-pub-7891478850122465/1859860932,ca-app-pub-7891478850122465~6704621236,BJ,20260423,iOS,1,0,0,0,1
ca-app-pub-7891478850122465/6565020438,ca-app-pub-7891478850122465~6704621236,BJ,20260423,iOS,1,0,0,0,1
ca-app-pub-7891478850122465/6721664164,ca-app-pub-7891478850122465~6704621236,BJ,20260423,iOS,1,0,0,0,1
ca-app-pub-7891478850122465/1859860932,ca-app-pub-7891478850122465~6704621236,BR,20260423,iOS,2,0,0,0,2
ca-app-pub-7891478850122465/6565020438,ca-app-pub-7891478850122465~6704621236,BR,20260423,iOS,2,0,0,0,2
ca-app-pub-7891478850122465/6721664164,ca-app-pub-7891478850122465~6704621236,BR,20260423,iOS,2,0,0,0,2
ca-app-pub-7891478850122465/8171033829,ca-app-pub-7891478850122465~6704621236,BR,20260423,iOS,3,1,3144,3,3
ca-app-pub-7891478850122465/1859860932,ca-app-pub-7891478850122465~6704621236,CA,20260423,iOS,2,0,0,0,2
ca-app-pub-7891478850122465/6565020438,ca-app-pub-7891478850122465~6704621236,CA,20260423,iOS,2,0,0,0,2
ca-app-pub-7891478850122465/6721664164,ca-app-pub-7891478850122465~6704621236,CA,20260423,iOS,2,0,0,0,2
ca-app-pub-7891478850122465/8171033829,ca-app-pub-7891478850122465~6704621236,CA,20260423,iOS,1,0,3759,1,1
ca-app-pub-7891478850122465/8171033829,ca-app-pub-7891478850122465~6704621236,CN,20260423,iOS,1,0,0,0,1
ca-app-pub-7891478850122465/1859860932,ca-app-pub-7891478850122465~6704621236,DE,20260423,iOS,5,0,0,0,5
ca-app-pub-7891478850122465/6565020438,ca-app-pub-7891478850122465~6704621236,DE,20260423,iOS,5,0,0,0,5
ca-app-pub-7891478850122465/6721664164,ca-app-pub-7891478850122465~6704621236,DE,20260423,iOS,5,0,0,0,5
ca-app-pub-7891478850122465/8171033829,ca-app-pub-7891478850122465~6704621236,DE,20260423,iOS,1,0,0,0,1
ca-app-pub-7891478850122465/1859860932,ca-app-pub-7891478850122465~6704621236,DZ,20260423,iOS,1,0,0,0,1
ca-app-pub-7891478850122465/6565020438,ca-app-pub-7891478850122465~6704621236,DZ,20260423,iOS,1,0,0,0,1
ca-app-pub-7891478850122465/6721664164,ca-app-pub-7891478850122465~6704621236,DZ,20260423,iOS,1,0,0,0,1
ca-app-pub-7891478850122465/8171033829,ca-app-pub-7891478850122465~6704621236,DZ,20260423,iOS,2,2,6608,2,2
ca-app-pub-7891478850122465/1859860932,ca-app-pub-7891478850122465~6704621236,ES,20260423,iOS,1,0,0,0,1
ca-app-pub-7891478850122465/6565020438,ca-app-pub-7891478850122465~6704621236,ES,20260423,iOS,1,0,0,0,1
ca-app-pub-7891478850122465/6721664164,ca-app-pub-7891478850122465~6704621236,ES,20260423,iOS,1,0,0,0,1
ca-app-pub-7891478850122465/1859860932,ca-app-pub-7891478850122465~6704621236,FI,20260423,iOS,1,0,0,0,1
ca-app-pub-7891478850122465/6565020438,ca-app-pub-7891478850122465~6704621236,FI,20260423,iOS,1,0,0,0,1
ca-app-pub-7891478850122465/6721664164,ca-app-pub-7891478850122465~6704621236,FI,20260423,iOS,1,0,0,0,1
ca-app-pub-7891478850122465/1859860932,ca-app-pub-7891478850122465~6704621236,FR,20260423,iOS,7,0,0,0,7
ca-app-pub-7891478850122465/6565020438,ca-app-pub-7891478850122465~6704621236,FR,20260423,iOS,7,0,0,0,7
ca-app-pub-7891478850122465/6721664164,ca-app-pub-7891478850122465~6704621236,FR,20260423,iOS,7,0,0,0,7
ca-app-pub-7891478850122465/1859860932,ca-app-pub-7891478850122465~6704621236,GB,20260423,iOS,11,0,0,0,11
ca-app-pub-7891478850122465/6565020438,ca-app-pub-7891478850122465~6704621236,GB,20260423,iOS,11,0,0,0,11
ca-app-pub-7891478850122465/6721664164,ca-app-pub-7891478850122465~6704621236,GB,20260423,iOS,11,0,0,0,11
ca-app-pub-7891478850122465/1859860932,ca-app-pub-7891478850122465~6704621236,IE,20260423,iOS,1,0,0,0,1
ca-app-pub-7891478850122465/6565020438,ca-app-pub-7891478850122465~6704621236,IE,20260423,iOS,1,0,0,0,1
ca-app-pub-7891478850122465/6721664164,ca-app-pub-7891478850122465~6704621236,IE,20260423,iOS,1,0,0,0,1
ca-app-pub-7891478850122465/1859860932,ca-app-pub-7891478850122465~6704621236,IN,20260423,iOS,2,0,0,0,2
ca-app-pub-7891478850122465/6565020438,ca-app-pub-7891478850122465~6704621236,IN,20260423,iOS,2,0,0,0,2
ca-app-pub-7891478850122465/6721664164,ca-app-pub-7891478850122465~6704621236,IN,20260423,iOS,2,0,0,0,2
ca-app-pub-7891478850122465/1859860932,ca-app-pub-7891478850122465~6704621236,IT,20260423,iOS,3,0,0,0,3
ca-app-pub-7891478850122465/6565020438,ca-app-pub-7891478850122465~6704621236,IT,20260423,iOS,3,0,0,0,3
ca-app-pub-7891478850122465/6721664164,ca-app-pub-7891478850122465~6704621236,IT,20260423,iOS,3,0,0,0,3
ca-app-pub-7891478850122465/1859860932,ca-app-pub-7891478850122465~6704621236,MR,20260423,iOS,1,0,0,0,1
ca-app-pub-7891478850122465/6565020438,ca-app-pub-7891478850122465~6704621236,MR,20260423,iOS,2,0,2607,1,2
ca-app-pub-7891478850122465/6721664164,ca-app-pub-7891478850122465~6704621236,MR,20260423,iOS,1,0,0,0,1
ca-app-pub-7891478850122465/8171033829,ca-app-pub-7891478850122465~6704621236,MR,20260423,iOS,2,0,366,1,2
ca-app-pub-7891478850122465/1859860932,ca-app-pub-7891478850122465~6704621236,NG,20260423,iOS,1,0,0,0,1
ca-app-pub-7891478850122465/6565020438,ca-app-pub-7891478850122465~6704621236,NG,20260423,iOS,1,0,0,0,1
ca-app-pub-7891478850122465/6721664164,ca-app-pub-7891478850122465~6704621236,NG,20260423,iOS,1,0,0,0,1
ca-app-pub-7891478850122465/1859860932,ca-app-pub-7891478850122465~6704621236,NL,20260423,iOS,1,0,0,0,1
ca-app-pub-7891478850122465/6565020438,ca-app-pub-7891478850122465~6704621236,NL,20260423,iOS,1,0,0,0,1
ca-app-pub-7891478850122465/6721664164,ca-app-pub-7891478850122465~6704621236,NL,20260423,iOS,1,0,0,0,1
ca-app-pub-7891478850122465/1859860932,ca-app-pub-7891478850122465~6704621236,PH,20260423,iOS,1,0,0,0,1
ca-app-pub-7891478850122465/6565020438,ca-app-pub-7891478850122465~6704621236,PH,20260423,iOS,1,0,0,0,1
ca-app-pub-7891478850122465/6721664164,ca-app-pub-7891478850122465~6704621236,PH,20260423,iOS,1,0,0,0,1
ca-app-pub-7891478850122465/1859860932,ca-app-pub-7891478850122465~6704621236,PR,20260423,iOS,2,0,0,0,2
ca-app-pub-7891478850122465/6565020438,ca-app-pub-7891478850122465~6704621236,PR,20260423,iOS,5,0,28194,3,5
ca-app-pub-7891478850122465/6721664164,ca-app-pub-7891478850122465~6704621236,PR,20260423,iOS,2,0,0,0,2
ca-app-pub-7891478850122465/8171033829,ca-app-pub-7891478850122465~6704621236,PR,20260423,iOS,8,0,7184,8,8
ca-app-pub-7891478850122465/1859860932,ca-app-pub-7891478850122465~6704621236,SA,20260423,iOS,2,0,0,0,2
ca-app-pub-7891478850122465/6565020438,ca-app-pub-7891478850122465~6704621236,SA,20260423,iOS,3,0,48397,1,3
ca-app-pub-7891478850122465/6721664164,ca-app-pub-7891478850122465~6704621236,SA,20260423,iOS,2,0,0,0,2
ca-app-pub-7891478850122465/8171033829,ca-app-pub-7891478850122465~6704621236,SA,20260423,iOS,7,1,106186,7,7
ca-app-pub-7891478850122465/1859860932,ca-app-pub-7891478850122465~6704621236,TR,20260423,iOS,4,0,0,0,4
ca-app-pub-7891478850122465/6565020438,ca-app-pub-7891478850122465~6704621236,TR,20260423,iOS,4,0,0,0,4
ca-app-pub-7891478850122465/6721664164,ca-app-pub-7891478850122465~6704621236,TR,20260423,iOS,4,0,0,0,4
ca-app-pub-7891478850122465/8171033829,ca-app-pub-7891478850122465~6704621236,TR,20260423,iOS,2,0,81,1,2
ca-app-pub-7891478850122465/1859860932,ca-app-pub-7891478850122465~6704621236,UG,20260423,iOS,1,0,0,0,1
ca-app-pub-7891478850122465/6565020438,ca-app-pub-7891478850122465~6704621236,UG,20260423,iOS,1,0,0,0,1
ca-app-pub-7891478850122465/6721664164,ca-app-pub-7891478850122465~6704621236,UG,20260423,iOS,1,0,0,0,1
ca-app-pub-7891478850122465/1859860932,ca-app-pub-7891478850122465~6704621236,US,20260423,iOS,56,0,61055,1,56
ca-app-pub-7891478850122465/6565020438,ca-app-pub-7891478850122465~6704621236,US,20260423,iOS,58,0,21679,1,58
ca-app-pub-7891478850122465/6721664164,ca-app-pub-7891478850122465~6704621236,US,20260423,iOS,55,0,0,0,55
ca-app-pub-7891478850122465/8171033829,ca-app-pub-7891478850122465~6704621236,US,20260423,iOS,6,0,10280,3,6
ca-app-pub-7891478850122465/1859860932,ca-app-pub-7891478850122465~6704621236,ZA,20260423,iOS,1,0,0,0,1
ca-app-pub-7891478850122465/6565020438,ca-app-pub-7891478850122465~6704621236,ZA,20260423,iOS,1,0,0,0,1
ca-app-pub-7891478850122465/6721664164,ca-app-pub-7891478850122465~6704621236,ZA,20260423,iOS,1,0,0,0,1
ca-app-pub-7891478850122465/1859860932,ca-app-pub-7891478850122465~6704621236,ZW,20260423,iOS,1,0,0,0,1
ca-app-pub-7891478850122465/6565020438,ca-app-pub-7891478850122465~6704621236,ZW,20260423,iOS,1,0,0,0,1
ca-app-pub-7891478850122465/6721664164,ca-app-pub-7891478850122465~6704621236,ZW,20260423,iOS,1,0,0,0,1
ca-app-pub-7891478850122465/1859860932,ca-app-pub-7891478850122465~6704621236,BR,20260424,iOS,1,0,0,0,1
ca-app-pub-7891478850122465/6565020438,ca-app-pub-7891478850122465~6704621236,BR,20260424,iOS,1,0,0,0,1
ca-app-pub-7891478850122465/6721664164,ca-app-pub-7891478850122465~6704621236,BR,20260424,iOS,1,0,0,0,1
ca-app-pub-7891478850122465/1859860932,ca-app-pub-7891478850122465~6704621236,CA,20260424,iOS,1,0,0,0,1
ca-app-pub-7891478850122465/6565020438,ca-app-pub-7891478850122465~6704621236,CA,20260424,iOS,1,0,0,0,1
ca-app-pub-7891478850122465/6721664164,ca-app-pub-7891478850122465~6704621236,CA,20260424,iOS,1,0,0,0,1
ca-app-pub-7891478850122465/8171033829,ca-app-pub-7891478850122465~6704621236,CA,20260424,iOS,1,0,4105,1,1
ca-app-pub-7891478850122465/1859860932,ca-app-pub-7891478850122465~6704621236,CH,20260424,iOS,3,0,0,0,3
ca-app-pub-7891478850122465/6565020438,ca-app-pub-7891478850122465~6704621236,CH,20260424,iOS,3,0,0,0,3
ca-app-pub-7891478850122465/6721664164,ca-app-pub-7891478850122465~6704621236,CH,20260424,iOS,3,0,0,0,3
ca-app-pub-7891478850122465/1859860932,ca-app-pub-7891478850122465~6704621236,CM,20260424,iOS,1,0,0,0,1
ca-app-pub-7891478850122465/6565020438,ca-app-pub-7891478850122465~6704621236,CM,20260424,iOS,1,0,0,0,1
ca-app-pub-7891478850122465/6721664164,ca-app-pub-7891478850122465~6704621236,CM,20260424,iOS,1,0,0,0,1
ca-app-pub-7891478850122465/1859860932,ca-app-pub-7891478850122465~6704621236,CN,20260424,iOS,2,0,0,0,2
ca-app-pub-7891478850122465/6565020438,ca-app-pub-7891478850122465~6704621236,CN,20260424,iOS,2,0,0,0,2
ca-app-pub-7891478850122465/6721664164,ca-app-pub-7891478850122465~6704621236,CN,20260424,iOS,2,0,0,0,2
ca-app-pub-7891478850122465/8171033829,ca-app-pub-7891478850122465~6704621236,CN,20260424,iOS,2,0,2095,2,2
ca-app-pub-7891478850122465/1859860932,ca-app-pub-7891478850122465~6704621236,ES,20260424,iOS,1,0,0,0,1
ca-app-pub-7891478850122465/6565020438,ca-app-pub-7891478850122465~6704621236,ES,20260424,iOS,1,0,0,0,1
ca-app-pub-7891478850122465/6721664164,ca-app-pub-7891478850122465~6704621236,ES,20260424,iOS,1,0,0,0,1
ca-app-pub-7891478850122465/1859860932,ca-app-pub-7891478850122465~6704621236,FI,20260424,iOS,1,0,0,0,1
ca-app-pub-7891478850122465/6565020438,ca-app-pub-7891478850122465~6704621236,FI,20260424,iOS,1,0,0,0,1
ca-app-pub-7891478850122465/6721664164,ca-app-pub-7891478850122465~6704621236,FI,20260424,iOS,1,0,0,0,1
ca-app-pub-7891478850122465/1859860932,ca-app-pub-7891478850122465~6704621236,FJ,20260424,iOS,1,0,0,0,1
ca-app-pub-7891478850122465/6565020438,ca-app-pub-7891478850122465~6704621236,FJ,20260424,iOS,1,0,0,0,1
ca-app-pub-7891478850122465/6721664164,ca-app-pub-7891478850122465~6704621236,FJ,20260424,iOS,1,0,0,0,1
ca-app-pub-7891478850122465/1859860932,ca-app-pub-7891478850122465~6704621236,GB,20260424,iOS,4,0,0,0,4
ca-app-pub-7891478850122465/6565020438,ca-app-pub-7891478850122465~6704621236,GB,20260424,iOS,4,0,0,0,4
ca-app-pub-7891478850122465/6721664164,ca-app-pub-7891478850122465~6704621236,GB,20260424,iOS,4,0,0,0,4
ca-app-pub-7891478850122465/1859860932,ca-app-pub-7891478850122465~6704621236,IE,20260424,iOS,1,0,0,0,1
ca-app-pub-7891478850122465/6565020438,ca-app-pub-7891478850122465~6704621236,IE,20260424,iOS,1,0,0,0,1
ca-app-pub-7891478850122465/6721664164,ca-app-pub-7891478850122465~6704621236,IE,20260424,iOS,1,0,0,0,1
ca-app-pub-7891478850122465/1859860932,ca-app-pub-7891478850122465~6704621236,IL,20260424,iOS,1,0,0,0,1
ca-app-pub-7891478850122465/6565020438,ca-app-pub-7891478850122465~6704621236,IL,20260424,iOS,1,0,0,0,1
ca-app-pub-7891478850122465/6721664164,ca-app-pub-7891478850122465~6704621236,IL,20260424,iOS,1,0,0,0,1
ca-app-pub-7891478850122465/1859860932,ca-app-pub-7891478850122465~6704621236,IN,20260424,iOS,2,0,0,0,2
ca-app-pub-7891478850122465/6565020438,ca-app-pub-7891478850122465~6704621236,IN,20260424,iOS,2,0,0,0,2
ca-app-pub-7891478850122465/6721664164,ca-app-pub-7891478850122465~6704621236,IN,20260424,iOS,2,0,0,0,2
ca-app-pub-7891478850122465/8171033829,ca-app-pub-7891478850122465~6704621236,IN,20260424,iOS,2,0,993,2,2
ca-app-pub-7891478850122465/1859860932,ca-app-pub-7891478850122465~6704621236,IT,20260424,iOS,4,0,0,0,4
ca-app-pub-7891478850122465/6565020438,ca-app-pub-7891478850122465~6704621236,IT,20260424,iOS,4,0,0,0,4
ca-app-pub-7891478850122465/6721664164,ca-app-pub-7891478850122465~6704621236,IT,20260424,iOS,4,0,0,0,4
ca-app-pub-7891478850122465/1859860932,ca-app-pub-7891478850122465~6704621236,LY,20260424,iOS,1,0,0,0,1
ca-app-pub-7891478850122465/6565020438,ca-app-pub-7891478850122465~6704621236,LY,20260424,iOS,1,0,0,0,1
ca-app-pub-7891478850122465/6721664164,ca-app-pub-7891478850122465~6704621236,LY,20260424,iOS,1,0,0,0,1
ca-app-pub-7891478850122465/8171033829,ca-app-pub-7891478850122465~6704621236,LY,20260424,iOS,1,0,524,1,1
ca-app-pub-7891478850122465/1859860932,ca-app-pub-7891478850122465~6704621236,MX,20260424,iOS,2,0,0,0,2
ca-app-pub-7891478850122465/6565020438,ca-app-pub-7891478850122465~6704621236,MX,20260424,iOS,2,0,0,0,2
ca-app-pub-7891478850122465/6721664164,ca-app-pub-7891478850122465~6704621236,MX,20260424,iOS,2,0,0,0,2
ca-app-pub-7891478850122465/8171033829,ca-app-pub-7891478850122465~6704621236,MX,20260424,iOS,3,2,2704,2,3
ca-app-pub-7891478850122465/1859860932,ca-app-pub-7891478850122465~6704621236,NA,20260424,iOS,2,0,0,0,2
ca-app-pub-7891478850122465/6565020438,ca-app-pub-7891478850122465~6704621236,NA,20260424,iOS,2,0,0,0,2
ca-app-pub-7891478850122465/6721664164,ca-app-pub-7891478850122465~6704621236,NA,20260424,iOS,2,0,0,0,2
ca-app-pub-7891478850122465/1859860932,ca-app-pub-7891478850122465~6704621236,NG,20260424,iOS,2,0,0,0,2
ca-app-pub-7891478850122465/6565020438,ca-app-pub-7891478850122465~6704621236,NG,20260424,iOS,2,0,0,0,2
ca-app-pub-7891478850122465/6721664164,ca-app-pub-7891478850122465~6704621236,NG,20260424,iOS,2,0,0,0,2
ca-app-pub-7891478850122465/1859860932,ca-app-pub-7891478850122465~6704621236,NL,20260424,iOS,1,0,0,0,1
ca-app-pub-7891478850122465/6565020438,ca-app-pub-7891478850122465~6704621236,NL,20260424,iOS,1,0,0,0,1
ca-app-pub-7891478850122465/6721664164,ca-app-pub-7891478850122465~6704621236,NL,20260424,iOS,1,0,0,0,1
ca-app-pub-7891478850122465/1859860932,ca-app-pub-7891478850122465~6704621236,PH,20260424,iOS,1,0,0,0,1
ca-app-pub-7891478850122465/6565020438,ca-app-pub-7891478850122465~6704621236,PH,20260424,iOS,1,0,0,0,1
ca-app-pub-7891478850122465/6721664164,ca-app-pub-7891478850122465~6704621236,PH,20260424,iOS,1,0,0,0,1
ca-app-pub-7891478850122465/1859860932,ca-app-pub-7891478850122465~6704621236,PR,20260424,iOS,4,0,0,0,4
ca-app-pub-7891478850122465/6565020438,ca-app-pub-7891478850122465~6704621236,PR,20260424,iOS,4,0,0,0,4
ca-app-pub-7891478850122465/6721664164,ca-app-pub-7891478850122465~6704621236,PR,20260424,iOS,4,0,0,0,4
ca-app-pub-7891478850122465/8171033829,ca-app-pub-7891478850122465~6704621236,PR,20260424,iOS,2,0,1296,2,2
ca-app-pub-7891478850122465/1859860932,ca-app-pub-7891478850122465~6704621236,SA,20260424,iOS,4,0,0,0,4
ca-app-pub-7891478850122465/6565020438,ca-app-pub-7891478850122465~6704621236,SA,20260424,iOS,4,0,0,0,4
ca-app-pub-7891478850122465/6721664164,ca-app-pub-7891478850122465~6704621236,SA,20260424,iOS,4,0,0,0,4
ca-app-pub-7891478850122465/8171033829,ca-app-pub-7891478850122465~6704621236,SA,20260424,iOS,1,0,5144,1,1
ca-app-pub-7891478850122465/1859860932,ca-app-pub-7891478850122465~6704621236,TR,20260424,iOS,2,0,0,0,2
ca-app-pub-7891478850122465/6565020438,ca-app-pub-7891478850122465~6704621236,TR,20260424,iOS,2,0,0,0,2
ca-app-pub-7891478850122465/6721664164,ca-app-pub-7891478850122465~6704621236,TR,20260424,iOS,2,0,0,0,2
ca-app-pub-7891478850122465/1859860932,ca-app-pub-7891478850122465~6704621236,TW,20260424,iOS,1,0,0,0,1
ca-app-pub-7891478850122465/6565020438,ca-app-pub-7891478850122465~6704621236,TW,20260424,iOS,1,0,0,0,1
ca-app-pub-7891478850122465/6721664164,ca-app-pub-7891478850122465~6704621236,TW,20260424,iOS,1,0,0,0,1
ca-app-pub-7891478850122465/1859860932,ca-app-pub-7891478850122465~6704621236,US,20260424,iOS,67,0,103217,3,67
ca-app-pub-7891478850122465/6565020438,ca-app-pub-7891478850122465~6704621236,US,20260424,iOS,78,1,93385,4,78
ca-app-pub-7891478850122465/6721664164,ca-app-pub-7891478850122465~6704621236,US,20260424,iOS,63,0,0,0,63
ca-app-pub-7891478850122465/8171033829,ca-app-pub-7891478850122465~6704621236,US,20260424,iOS,19,0,48612,9,19
ca-app-pub-7891478850122465/1859860932,ca-app-pub-7891478850122465~6704621236,VE,20260424,iOS,1,0,0,0,1
ca-app-pub-7891478850122465/6565020438,ca-app-pub-7891478850122465~6704621236,VE,20260424,iOS,1,0,0,0,1
ca-app-pub-7891478850122465/6721664164,ca-app-pub-7891478850122465~6704621236,VE,20260424,iOS,1,0,0,0,1
ca-app-pub-7891478850122465/8171033829,ca-app-pub-7891478850122465~6704621236,VE,20260424,iOS,1,0,0,0,1
ca-app-pub-7891478850122465/1859860932,ca-app-pub-7891478850122465~6704621236,BG,20260425,iOS,2,0,0,0,2
ca-app-pub-7891478850122465/6565020438,ca-app-pub-7891478850122465~6704621236,BG,20260425,iOS,2,0,0,0,2
ca-app-pub-7891478850122465/6721664164,ca-app-pub-7891478850122465~6704621236,BG,20260425,iOS,2,0,0,0,2
ca-app-pub-7891478850122465/1859860932,ca-app-pub-7891478850122465~6704621236,BH,20260425,iOS,1,0,0,0,1
ca-app-pub-7891478850122465/6565020438,ca-app-pub-7891478850122465~6704621236,BH,20260425,iOS,1,0,0,0,1
ca-app-pub-7891478850122465/6721664164,ca-app-pub-7891478850122465~6704621236,BH,20260425,iOS,1,0,0,0,1
ca-app-pub-7891478850122465/8171033829,ca-app-pub-7891478850122465~6704621236,BH,20260425,iOS,2,0,1477,2,2
ca-app-pub-7891478850122465/1859860932,ca-app-pub-7891478850122465~6704621236,BR,20260425,iOS,2,0,0,0,2
ca-app-pub-7891478850122465/6565020438,ca-app-pub-7891478850122465~6704621236,BR,20260425,iOS,2,0,0,0,2
ca-app-pub-7891478850122465/6721664164,ca-app-pub-7891478850122465~6704621236,BR,20260425,iOS,2,0,0,0,2
ca-app-pub-7891478850122465/8171033829,ca-app-pub-7891478850122465~6704621236,BR,20260425,iOS,2,0,3711,2,2
ca-app-pub-7891478850122465/1859860932,ca-app-pub-7891478850122465~6704621236,CA,20260425,iOS,1,0,0,0,1
ca-app-pub-7891478850122465/6565020438,ca-app-pub-7891478850122465~6704621236,CA,20260425,iOS,1,0,0,0,1
ca-app-pub-7891478850122465/6721664164,ca-app-pub-7891478850122465~6704621236,CA,20260425,iOS,1,0,0,0,1
ca-app-pub-7891478850122465/1859860932,ca-app-pub-7891478850122465~6704621236,CD,20260425,iOS,1,0,0,0,1
ca-app-pub-7891478850122465/6565020438,ca-app-pub-7891478850122465~6704621236,CD,20260425,iOS,1,0,0,0,1
ca-app-pub-7891478850122465/6721664164,ca-app-pub-7891478850122465~6704621236,CD,20260425,iOS,1,0,0,0,1
ca-app-pub-7891478850122465/1859860932,ca-app-pub-7891478850122465~6704621236,CL,20260425,iOS,1,0,0,0,1
ca-app-pub-7891478850122465/6565020438,ca-app-pub-7891478850122465~6704621236,CL,20260425,iOS,1,0,0,0,1
ca-app-pub-7891478850122465/6721664164,ca-app-pub-7891478850122465~6704621236,CL,20260425,iOS,1,0,0,0,1
ca-app-pub-7891478850122465/8171033829,ca-app-pub-7891478850122465~6704621236,CL,20260425,iOS,1,0,234,1,1
ca-app-pub-7891478850122465/1859860932,ca-app-pub-7891478850122465~6704621236,CO,20260425,iOS,1,0,0,0,1
ca-app-pub-7891478850122465/6565020438,ca-app-pub-7891478850122465~6704621236,CO,20260425,iOS,1,0,0,0,1
ca-app-pub-7891478850122465/6721664164,ca-app-pub-7891478850122465~6704621236,CO,20260425,iOS,1,0,0,0,1
ca-app-pub-7891478850122465/1859860932,ca-app-pub-7891478850122465~6704621236,CY,20260425,iOS,2,0,0,0,2
ca-app-pub-7891478850122465/6565020438,ca-app-pub-7891478850122465~6704621236,CY,20260425,iOS,2,0,0,0,2
ca-app-pub-7891478850122465/6721664164,ca-app-pub-7891478850122465~6704621236,CY,20260425,iOS,2,0,0,0,2
ca-app-pub-7891478850122465/1859860932,ca-app-pub-7891478850122465~6704621236,ES,20260425,iOS,1,0,0,0,1
ca-app-pub-7891478850122465/6565020438,ca-app-pub-7891478850122465~6704621236,ES,20260425,iOS,1,0,0,0,1
ca-app-pub-7891478850122465/6721664164,ca-app-pub-7891478850122465~6704621236,ES,20260425,iOS,1,0,0,0,1
ca-app-pub-7891478850122465/1859860932,ca-app-pub-7891478850122465~6704621236,GB,20260425,iOS,3,0,0,0,3
ca-app-pub-7891478850122465/6565020438,ca-app-pub-7891478850122465~6704621236,GB,20260425,iOS,3,0,0,0,3
ca-app-pub-7891478850122465/6721664164,ca-app-pub-7891478850122465~6704621236,GB,20260425,iOS,3,0,0,0,3
ca-app-pub-7891478850122465/1859860932,ca-app-pub-7891478850122465~6704621236,IE,20260425,iOS,1,0,0,0,1
ca-app-pub-7891478850122465/6565020438,ca-app-pub-7891478850122465~6704621236,IE,20260425,iOS,1,0,0,0,1
ca-app-pub-7891478850122465/6721664164,ca-app-pub-7891478850122465~6704621236,IE,20260425,iOS,1,0,0,0,1
ca-app-pub-7891478850122465/1859860932,ca-app-pub-7891478850122465~6704621236,IL,20260425,iOS,1,0,0,0,1
ca-app-pub-7891478850122465/6565020438,ca-app-pub-7891478850122465~6704621236,IL,20260425,iOS,1,0,0,0,1
ca-app-pub-7891478850122465/6721664164,ca-app-pub-7891478850122465~6704621236,IL,20260425,iOS,1,0,0,0,1
ca-app-pub-7891478850122465/1859860932,ca-app-pub-7891478850122465~6704621236,IN,20260425,iOS,1,0,0,0,1
ca-app-pub-7891478850122465/6565020438,ca-app-pub-7891478850122465~6704621236,IN,20260425,iOS,1,0,0,0,1
ca-app-pub-7891478850122465/6721664164,ca-app-pub-7891478850122465~6704621236,IN,20260425,iOS,1,0,0,0,1
ca-app-pub-7891478850122465/8171033829,ca-app-pub-7891478850122465~6704621236,IN,20260425,iOS,3,0,421,2,3
ca-app-pub-7891478850122465/1859860932,ca-app-pub-7891478850122465~6704621236,IQ,20260425,iOS,1,0,0,0,1
ca-app-pub-7891478850122465/6565020438,ca-app-pub-7891478850122465~6704621236,IQ,20260425,iOS,1,0,0,0,1
ca-app-pub-7891478850122465/6721664164,ca-app-pub-7891478850122465~6704621236,IQ,20260425,iOS,1,0,0,0,1
ca-app-pub-7891478850122465/1859860932,ca-app-pub-7891478850122465~6704621236,IT,20260425,iOS,3,0,0,0,3
ca-app-pub-7891478850122465/6565020438,ca-app-pub-7891478850122465~6704621236,IT,20260425,iOS,3,0,0,0,3
ca-app-pub-7891478850122465/6721664164,ca-app-pub-7891478850122465~6704621236,IT,20260425,iOS,3,0,0,0,3
ca-app-pub-7891478850122465/1859860932,ca-app-pub-7891478850122465~6704621236,KR,20260425,iOS,1,0,0,0,1
ca-app-pub-7891478850122465/6565020438,ca-app-pub-7891478850122465~6704621236,KR,20260425,iOS,1,0,0,0,1
ca-app-pub-7891478850122465/6721664164,ca-app-pub-7891478850122465~6704621236,KR,20260425,iOS,1,0,0,0,1
ca-app-pub-7891478850122465/1859860932,ca-app-pub-7891478850122465~6704621236,MX,20260425,iOS,1,0,0,0,1
ca-app-pub-7891478850122465/6565020438,ca-app-pub-7891478850122465~6704621236,MX,20260425,iOS,1,0,0,0,1
ca-app-pub-7891478850122465/6721664164,ca-app-pub-7891478850122465~6704621236,MX,20260425,iOS,1,0,0,0,1
ca-app-pub-7891478850122465/1859860932,ca-app-pub-7891478850122465~6704621236,NA,20260425,iOS,1,0,0,0,1
ca-app-pub-7891478850122465/6565020438,ca-app-pub-7891478850122465~6704621236,NA,20260425,iOS,1,0,0,0,1
ca-app-pub-7891478850122465/6721664164,ca-app-pub-7891478850122465~6704621236,NA,20260425,iOS,1,0,0,0,1
ca-app-pub-7891478850122465/1859860932,ca-app-pub-7891478850122465~6704621236,NL,20260425,iOS,5,0,0,0,5
ca-app-pub-7891478850122465/6565020438,ca-app-pub-7891478850122465~6704621236,NL,20260425,iOS,5,0,0,0,5
ca-app-pub-7891478850122465/6721664164,ca-app-pub-7891478850122465~6704621236,NL,20260425,iOS,5,0,0,0,5
ca-app-pub-7891478850122465/1859860932,ca-app-pub-7891478850122465~6704621236,NZ,20260425,iOS,1,0,0,0,1
ca-app-pub-7891478850122465/6565020438,ca-app-pub-7891478850122465~6704621236,NZ,20260425,iOS,1,0,0,0,1
ca-app-pub-7891478850122465/6721664164,ca-app-pub-7891478850122465~6704621236,NZ,20260425,iOS,1,0,0,0,1
ca-app-pub-7891478850122465/1859860932,ca-app-pub-7891478850122465~6704621236,PH,20260425,iOS,3,0,0,0,3
ca-app-pub-7891478850122465/6565020438,ca-app-pub-7891478850122465~6704621236,PH,20260425,iOS,3,0,0,0,3
ca-app-pub-7891478850122465/6721664164,ca-app-pub-7891478850122465~6704621236,PH,20260425,iOS,3,0,0,0,3
ca-app-pub-7891478850122465/8171033829,ca-app-pub-7891478850122465~6704621236,PH,20260425,iOS,1,0,720,1,1
ca-app-pub-7891478850122465/1859860932,ca-app-pub-7891478850122465~6704621236,PR,20260425,iOS,4,0,0,0,4
ca-app-pub-7891478850122465/6565020438,ca-app-pub-7891478850122465~6704621236,PR,20260425,iOS,4,0,0,0,4
ca-app-pub-7891478850122465/6721664164,ca-app-pub-7891478850122465~6704621236,PR,20260425,iOS,4,0,0,0,4
ca-app-pub-7891478850122465/8171033829,ca-app-pub-7891478850122465~6704621236,PR,20260425,iOS,2,0,328,2,2
ca-app-pub-7891478850122465/1859860932,ca-app-pub-7891478850122465~6704621236,QA,20260425,iOS,1,0,0,0,1
ca-app-pub-7891478850122465/6565020438,ca-app-pub-7891478850122465~6704621236,QA,20260425,iOS,2,0,61201,1,2
ca-app-pub-7891478850122465/6721664164,ca-app-pub-7891478850122465~6704621236,QA,20260425,iOS,1,0,0,0,1
ca-app-pub-7891478850122465/8171033829,ca-app-pub-7891478850122465~6704621236,QA,20260425,iOS,1,0,4157,1,1
ca-app-pub-7891478850122465/1859860932,ca-app-pub-7891478850122465~6704621236,SA,20260425,iOS,2,0,0,0,2
ca-app-pub-7891478850122465/6565020438,ca-app-pub-7891478850122465~6704621236,SA,20260425,iOS,2,0,0,0,2
ca-app-pub-7891478850122465/6721664164,ca-app-pub-7891478850122465~6704621236,SA,20260425,iOS,2,0,0,0,2
ca-app-pub-7891478850122465/1859860932,ca-app-pub-7891478850122465~6704621236,TR,20260425,iOS,4,0,0,0,4
ca-app-pub-7891478850122465/6565020438,ca-app-pub-7891478850122465~6704621236,TR,20260425,iOS,4,0,0,0,4
ca-app-pub-7891478850122465/6721664164,ca-app-pub-7891478850122465~6704621236,TR,20260425,iOS,4,0,0,0,4
ca-app-pub-7891478850122465/8171033829,ca-app-pub-7891478850122465~6704621236,TR,20260425,iOS,1,0,0,0,1
ca-app-pub-7891478850122465/1859860932,ca-app-pub-7891478850122465~6704621236,US,20260425,iOS,58,0,72253,2,58
ca-app-pub-7891478850122465/6565020438,ca-app-pub-7891478850122465~6704621236,US,20260425,iOS,60,1,55199,3,60
ca-app-pub-7891478850122465/6721664164,ca-app-pub-7891478850122465~6704621236,US,20260425,iOS,56,0,0,0,56
ca-app-pub-7891478850122465/8171033829,ca-app-pub-7891478850122465~6704621236,US,20260425,iOS,29,1,141376,26,29
ca-app-pub-7891478850122465/1859860932,ca-app-pub-7891478850122465~6704621236,VE,20260425,iOS,1,0,0,0,1
ca-app-pub-7891478850122465/6565020438,ca-app-pub-7891478850122465~6704621236,VE,20260425,iOS,1,0,0,0,1
ca-app-pub-7891478850122465/6721664164,ca-app-pub-7891478850122465~6704621236,VE,20260425,iOS,1,0,0,0,1
ca-app-pub-7891478850122465/8171033829,ca-app-pub-7891478850122465~6704621236,VE,20260425,iOS,1,0,952,1,1
ca-app-pub-7891478850122465/6565020438,ca-app-pub-7891478850122465~6704621236,ZW,20260425,iOS,1,0,0,0,1
ca-app-pub-7891478850122465/6721664164,ca-app-pub-7891478850122465~6704621236,ZW,20260425,iOS,1,0,0,0,1
ca-app-pub-7891478850122465/1859860932,ca-app-pub-7891478850122465~6704621236,AE,20260426,iOS,1,0,0,0,1
ca-app-pub-7891478850122465/6565020438,ca-app-pub-7891478850122465~6704621236,AE,20260426,iOS,1,0,0,0,1
ca-app-pub-7891478850122465/6721664164,ca-app-pub-7891478850122465~6704621236,AE,20260426,iOS,1,0,0,0,1
ca-app-pub-7891478850122465/1859860932,ca-app-pub-7891478850122465~6704621236,AU,20260426,iOS,2,0,0,0,2
ca-app-pub-7891478850122465/6565020438,ca-app-pub-7891478850122465~6704621236,AU,20260426,iOS,3,1,56831,1,3
ca-app-pub-7891478850122465/6721664164,ca-app-pub-7891478850122465~6704621236,AU,20260426,iOS,2,0,0,0,2
ca-app-pub-7891478850122465/8171033829,ca-app-pub-7891478850122465~6704621236,AU,20260426,iOS,2,1,21832,2,2
ca-app-pub-7891478850122465/1859860932,ca-app-pub-7891478850122465~6704621236,BG,20260426,iOS,1,0,0,0,1
ca-app-pub-7891478850122465/6565020438,ca-app-pub-7891478850122465~6704621236,BG,20260426,iOS,1,0,0,0,1
ca-app-pub-7891478850122465/6721664164,ca-app-pub-7891478850122465~6704621236,BG,20260426,iOS,1,0,0,0,1
ca-app-pub-7891478850122465/1859860932,ca-app-pub-7891478850122465~6704621236,BR,20260426,iOS,1,0,0,0,1
ca-app-pub-7891478850122465/6565020438,ca-app-pub-7891478850122465~6704621236,BR,20260426,iOS,1,0,0,0,1
ca-app-pub-7891478850122465/6721664164,ca-app-pub-7891478850122465~6704621236,BR,20260426,iOS,1,0,0,0,1
ca-app-pub-7891478850122465/1859860932,ca-app-pub-7891478850122465~6704621236,CA,20260426,iOS,1,0,0,0,1
ca-app-pub-7891478850122465/6565020438,ca-app-pub-7891478850122465~6704621236,CA,20260426,iOS,1,0,0,0,1
ca-app-pub-7891478850122465/6721664164,ca-app-pub-7891478850122465~6704621236,CA,20260426,iOS,1,0,0,0,1
ca-app-pub-7891478850122465/1859860932,ca-app-pub-7891478850122465~6704621236,CI,20260426,iOS,1,0,0,0,1
ca-app-pub-7891478850122465/6565020438,ca-app-pub-7891478850122465~6704621236,CI,20260426,iOS,1,0,0,0,1
ca-app-pub-7891478850122465/6721664164,ca-app-pub-7891478850122465~6704621236,CI,20260426,iOS,1,0,0,0,1
ca-app-pub-7891478850122465/1859860932,ca-app-pub-7891478850122465~6704621236,CN,20260426,iOS,1,0,0,0,1
ca-app-pub-7891478850122465/6565020438,ca-app-pub-7891478850122465~6704621236,CN,20260426,iOS,1,0,0,0,1
ca-app-pub-7891478850122465/6721664164,ca-app-pub-7891478850122465~6704621236,CN,20260426,iOS,1,0,0,0,1
ca-app-pub-7891478850122465/1859860932,ca-app-pub-7891478850122465~6704621236,CO,20260426,iOS,1,0,0,0,1
ca-app-pub-7891478850122465/6565020438,ca-app-pub-7891478850122465~6704621236,CO,20260426,iOS,1,0,0,0,1
ca-app-pub-7891478850122465/6721664164,ca-app-pub-7891478850122465~6704621236,CO,20260426,iOS,1,0,0,0,1
ca-app-pub-7891478850122465/1859860932,ca-app-pub-7891478850122465~6704621236,ES,20260426,iOS,27,0,0,0,27
ca-app-pub-7891478850122465/6565020438,ca-app-pub-7891478850122465~6704621236,ES,20260426,iOS,27,0,0,0,27
ca-app-pub-7891478850122465/6721664164,ca-app-pub-7891478850122465~6704621236,ES,20260426,iOS,27,0,0,0,27
ca-app-pub-7891478850122465/8171033829,ca-app-pub-7891478850122465~6704621236,ES,20260426,iOS,4,0,0,0,4
ca-app-pub-7891478850122465/1859860932,ca-app-pub-7891478850122465~6704621236,FR,20260426,iOS,2,0,0,0,2
ca-app-pub-7891478850122465/6565020438,ca-app-pub-7891478850122465~6704621236,FR,20260426,iOS,2,0,0,0,2
ca-app-pub-7891478850122465/6721664164,ca-app-pub-7891478850122465~6704621236,FR,20260426,iOS,2,0,0,0,2
ca-app-pub-7891478850122465/1859860932,ca-app-pub-7891478850122465~6704621236,GB,20260426,iOS,6,0,0,0,6
ca-app-pub-7891478850122465/6565020438,ca-app-pub-7891478850122465~6704621236,GB,20260426,iOS,6,0,0,0,6
ca-app-pub-7891478850122465/6721664164,ca-app-pub-7891478850122465~6704621236,GB,20260426,iOS,6,0,0,0,6
ca-app-pub-7891478850122465/8171033829,ca-app-pub-7891478850122465~6704621236,GB,20260426,iOS,1,0,0,0,1
ca-app-pub-7891478850122465/1859860932,ca-app-pub-7891478850122465~6704621236,GH,20260426,iOS,1,0,0,0,1
ca-app-pub-7891478850122465/6565020438,ca-app-pub-7891478850122465~6704621236,GH,20260426,iOS,1,0,0,0,1
ca-app-pub-7891478850122465/6721664164,ca-app-pub-7891478850122465~6704621236,GH,20260426,iOS,1,0,0,0,1
ca-app-pub-7891478850122465/1859860932,ca-app-pub-7891478850122465~6704621236,HN,20260426,iOS,1,0,0,0,1
ca-app-pub-7891478850122465/6565020438,ca-app-pub-7891478850122465~6704621236,HN,20260426,iOS,3,0,5911,2,3
ca-app-pub-7891478850122465/6721664164,ca-app-pub-7891478850122465~6704621236,HN,20260426,iOS,1,0,0,0,1
ca-app-pub-7891478850122465/8171033829,ca-app-pub-7891478850122465~6704621236,HN,20260426,iOS,3,0,872,3,3
ca-app-pub-7891478850122465/1859860932,ca-app-pub-7891478850122465~6704621236,IN,20260426,iOS,8,0,0,0,8
ca-app-pub-7891478850122465/6565020438,ca-app-pub-7891478850122465~6704621236,IN,20260426,iOS,8,0,0,0,8
ca-app-pub-7891478850122465/6721664164,ca-app-pub-7891478850122465~6704621236,IN,20260426,iOS,8,0,0,0,8
ca-app-pub-7891478850122465/8171033829,ca-app-pub-7891478850122465~6704621236,IN,20260426,iOS,25,0,1831,8,25
ca-app-pub-7891478850122465/1859860932,ca-app-pub-7891478850122465~6704621236,IT,20260426,iOS,1,0,0,0,1
ca-app-pub-7891478850122465/6565020438,ca-app-pub-7891478850122465~6704621236,IT,20260426,iOS,1,0,0,0,1
ca-app-pub-7891478850122465/6721664164,ca-app-pub-7891478850122465~6704621236,IT,20260426,iOS,1,0,0,0,1
ca-app-pub-7891478850122465/1859860932,ca-app-pub-7891478850122465~6704621236,MX,20260426,iOS,2,0,0,0,2
ca-app-pub-7891478850122465/6565020438,ca-app-pub-7891478850122465~6704621236,MX,20260426,iOS,2,0,0,0,2
ca-app-pub-7891478850122465/6721664164,ca-app-pub-7891478850122465~6704621236,MX,20260426,iOS,2,0,0,0,2
ca-app-pub-7891478850122465/1859860932,ca-app-pub-7891478850122465~6704621236,NA,20260426,iOS,1,0,0,0,1
ca-app-pub-7891478850122465/6565020438,ca-app-pub-7891478850122465~6704621236,NA,20260426,iOS,1,0,0,0,1
ca-app-pub-7891478850122465/6721664164,ca-app-pub-7891478850122465~6704621236,NA,20260426,iOS,1,0,0,0,1
ca-app-pub-7891478850122465/1859860932,ca-app-pub-7891478850122465~6704621236,NG,20260426,iOS,1,0,0,0,1
ca-app-pub-7891478850122465/6565020438,ca-app-pub-7891478850122465~6704621236,NG,20260426,iOS,1,0,0,0,1
ca-app-pub-7891478850122465/6721664164,ca-app-pub-7891478850122465~6704621236,NG,20260426,iOS,1,0,0,0,1
ca-app-pub-7891478850122465/1859860932,ca-app-pub-7891478850122465~6704621236,OM,20260426,iOS,1,0,0,0,1
ca-app-pub-7891478850122465/6565020438,ca-app-pub-7891478850122465~6704621236,OM,20260426,iOS,1,0,0,0,1
ca-app-pub-7891478850122465/6721664164,ca-app-pub-7891478850122465~6704621236,OM,20260426,iOS,1,0,0,0,1
ca-app-pub-7891478850122465/1859860932,ca-app-pub-7891478850122465~6704621236,PH,20260426,iOS,2,0,0,0,2
ca-app-pub-7891478850122465/6565020438,ca-app-pub-7891478850122465~6704621236,PH,20260426,iOS,2,0,0,0,2
ca-app-pub-7891478850122465/6721664164,ca-app-pub-7891478850122465~6704621236,PH,20260426,iOS,1,0,0,0,1
ca-app-pub-7891478850122465/1859860932,ca-app-pub-7891478850122465~6704621236,PR,20260426,iOS,4,0,0,0,4
ca-app-pub-7891478850122465/6565020438,ca-app-pub-7891478850122465~6704621236,PR,20260426,iOS,4,0,0,0,4
ca-app-pub-7891478850122465/6721664164,ca-app-pub-7891478850122465~6704621236,PR,20260426,iOS,4,0,0,0,4
ca-app-pub-7891478850122465/1859860932,ca-app-pub-7891478850122465~6704621236,PT,20260426,iOS,2,0,0,0,2
ca-app-pub-7891478850122465/6565020438,ca-app-pub-7891478850122465~6704621236,PT,20260426,iOS,2,0,0,0,2
ca-app-pub-7891478850122465/6721664164,ca-app-pub-7891478850122465~6704621236,PT,20260426,iOS,2,0,0,0,2
ca-app-pub-7891478850122465/1859860932,ca-app-pub-7891478850122465~6704621236,RO,20260426,iOS,2,0,0,0,2
ca-app-pub-7891478850122465/6565020438,ca-app-pub-7891478850122465~6704621236,RO,20260426,iOS,2,0,0,0,2
ca-app-pub-7891478850122465/6721664164,ca-app-pub-7891478850122465~6704621236,RO,20260426,iOS,2,0,0,0,2
ca-app-pub-7891478850122465/1859860932,ca-app-pub-7891478850122465~6704621236,SA,20260426,iOS,2,0,0,0,2
ca-app-pub-7891478850122465/6565020438,ca-app-pub-7891478850122465~6704621236,SA,20260426,iOS,2,0,0,0,2
ca-app-pub-7891478850122465/6721664164,ca-app-pub-7891478850122465~6704621236,SA,20260426,iOS,2,0,0,0,2
ca-app-pub-7891478850122465/1859860932,ca-app-pub-7891478850122465~6704621236,TR,20260426,iOS,6,0,0,0,6
ca-app-pub-7891478850122465/6565020438,ca-app-pub-7891478850122465~6704621236,TR,20260426,iOS,6,0,0,0,6
ca-app-pub-7891478850122465/6721664164,ca-app-pub-7891478850122465~6704621236,TR,20260426,iOS,6,0,0,0,6
ca-app-pub-7891478850122465/8171033829,ca-app-pub-7891478850122465~6704621236,TR,20260426,iOS,1,0,0,0,1
ca-app-pub-7891478850122465/1859860932,ca-app-pub-7891478850122465~6704621236,US,20260426,iOS,59,0,0,0,59
ca-app-pub-7891478850122465/6565020438,ca-app-pub-7891478850122465~6704621236,US,20260426,iOS,64,2,400203,5,64
ca-app-pub-7891478850122465/6721664164,ca-app-pub-7891478850122465~6704621236,US,20260426,iOS,59,0,0,0,59
ca-app-pub-7891478850122465/8171033829,ca-app-pub-7891478850122465~6704621236,US,20260426,iOS,17,0,74841,14,17
ca-app-pub-7891478850122465/1859860932,ca-app-pub-7891478850122465~6704621236,ZA,20260426,iOS,1,0,0,0,1
ca-app-pub-7891478850122465/6565020438,ca-app-pub-7891478850122465~6704621236,ZA,20260426,iOS,2,0,0,0,2
ca-app-pub-7891478850122465/6721664164,ca-app-pub-7891478850122465~6704621236,ZA,20260426,iOS,1,0,0,0,1
ca-app-pub-7891478850122465/8171033829,ca-app-pub-7891478850122465~6704621236,ZA,20260426,iOS,1,0,952,1,1
ca-app-pub-7891478850122465/1859860932,ca-app-pub-7891478850122465~6704621236,AO,20260427,iOS,1,0,0,0,1
ca-app-pub-7891478850122465/6565020438,ca-app-pub-7891478850122465~6704621236,AO,20260427,iOS,1,0,0,0,1
ca-app-pub-7891478850122465/6721664164,ca-app-pub-7891478850122465~6704621236,AO,20260427,iOS,1,0,0,0,1
ca-app-pub-7891478850122465/1859860932,ca-app-pub-7891478850122465~6704621236,AU,20260427,iOS,1,0,0,0,1
ca-app-pub-7891478850122465/6565020438,ca-app-pub-7891478850122465~6704621236,AU,20260427,iOS,1,0,0,0,1
ca-app-pub-7891478850122465/6721664164,ca-app-pub-7891478850122465~6704621236,AU,20260427,iOS,1,0,0,0,1
ca-app-pub-7891478850122465/8171033829,ca-app-pub-7891478850122465~6704621236,AU,20260427,iOS,1,0,3223,1,1
ca-app-pub-7891478850122465/1859860932,ca-app-pub-7891478850122465~6704621236,BE,20260427,iOS,2,0,0,0,2
ca-app-pub-7891478850122465/6565020438,ca-app-pub-7891478850122465~6704621236,BE,20260427,iOS,2,0,0,0,2
ca-app-pub-7891478850122465/6721664164,ca-app-pub-7891478850122465~6704621236,BE,20260427,iOS,2,0,0,0,2
ca-app-pub-7891478850122465/8171033829,ca-app-pub-7891478850122465~6704621236,BE,20260427,iOS,1,0,0,0,1
ca-app-pub-7891478850122465/1859860932,ca-app-pub-7891478850122465~6704621236,BR,20260427,iOS,1,0,0,0,1
ca-app-pub-7891478850122465/6565020438,ca-app-pub-7891478850122465~6704621236,BR,20260427,iOS,1,0,0,0,1
ca-app-pub-7891478850122465/6721664164,ca-app-pub-7891478850122465~6704621236,BR,20260427,iOS,1,0,0,0,1
ca-app-pub-7891478850122465/1859860932,ca-app-pub-7891478850122465~6704621236,CA,20260427,iOS,1,0,0,0,1
ca-app-pub-7891478850122465/6565020438,ca-app-pub-7891478850122465~6704621236,CA,20260427,iOS,1,0,0,0,1
ca-app-pub-7891478850122465/6721664164,ca-app-pub-7891478850122465~6704621236,CA,20260427,iOS,1,0,0,0,1
ca-app-pub-7891478850122465/1859860932,ca-app-pub-7891478850122465~6704621236,CH,20260427,iOS,8,0,0,0,8
ca-app-pub-7891478850122465/6565020438,ca-app-pub-7891478850122465~6704621236,CH,20260427,iOS,9,0,0,0,9
ca-app-pub-7891478850122465/6721664164,ca-app-pub-7891478850122465~6704621236,CH,20260427,iOS,9,0,0,0,9
ca-app-pub-7891478850122465/1859860932,ca-app-pub-7891478850122465~6704621236,CI,20260427,iOS,1,0,0,0,1
ca-app-pub-7891478850122465/6565020438,ca-app-pub-7891478850122465~6704621236,CI,20260427,iOS,1,0,0,0,1
ca-app-pub-7891478850122465/6721664164,ca-app-pub-7891478850122465~6704621236,CI,20260427,iOS,1,0,0,0,1
ca-app-pub-7891478850122465/1859860932,ca-app-pub-7891478850122465~6704621236,CO,20260427,iOS,1,0,0,0,1
ca-app-pub-7891478850122465/6565020438,ca-app-pub-7891478850122465~6704621236,CO,20260427,iOS,1,0,0,0,1
ca-app-pub-7891478850122465/6721664164,ca-app-pub-7891478850122465~6704621236,CO,20260427,iOS,1,0,0,0,1
ca-app-pub-7891478850122465/8171033829,ca-app-pub-7891478850122465~6704621236,DE,20260427,iOS,1,0,0,0,1
ca-app-pub-7891478850122465/1859860932,ca-app-pub-7891478850122465~6704621236,DO,20260427,iOS,1,0,0,0,1
ca-app-pub-7891478850122465/6565020438,ca-app-pub-7891478850122465~6704621236,DO,20260427,iOS,1,0,0,0,1
ca-app-pub-7891478850122465/6721664164,ca-app-pub-7891478850122465~6704621236,DO,20260427,iOS,1,0,0,0,1
ca-app-pub-7891478850122465/8171033829,ca-app-pub-7891478850122465~6704621236,DO,20260427,iOS,1,0,325,1,1
ca-app-pub-7891478850122465/1859860932,ca-app-pub-7891478850122465~6704621236,FR,20260427,iOS,2,0,0,0,2
ca-app-pub-7891478850122465/6565020438,ca-app-pub-7891478850122465~6704621236,FR,20260427,iOS,2,0,0,0,2
ca-app-pub-7891478850122465/6721664164,ca-app-pub-7891478850122465~6704621236,FR,20260427,iOS,2,0,0,0,2
ca-app-pub-7891478850122465/8171033829,ca-app-pub-7891478850122465~6704621236,FR,20260427,iOS,4,0,2232,4,4
ca-app-pub-7891478850122465/1859860932,ca-app-pub-7891478850122465~6704621236,GB,20260427,iOS,7,0,0,0,7
ca-app-pub-7891478850122465/6565020438,ca-app-pub-7891478850122465~6704621236,GB,20260427,iOS,7,0,0,0,7
ca-app-pub-7891478850122465/6721664164,ca-app-pub-7891478850122465~6704621236,GB,20260427,iOS,7,0,0,0,7
ca-app-pub-7891478850122465/1859860932,ca-app-pub-7891478850122465~6704621236,IE,20260427,iOS,1,0,0,0,1
ca-app-pub-7891478850122465/6565020438,ca-app-pub-7891478850122465~6704621236,IE,20260427,iOS,1,0,0,0,1
ca-app-pub-7891478850122465/6721664164,ca-app-pub-7891478850122465~6704621236,IE,20260427,iOS,1,0,0,0,1
ca-app-pub-7891478850122465/1859860932,ca-app-pub-7891478850122465~6704621236,IN,20260427,iOS,3,0,0,0,3
ca-app-pub-7891478850122465/6565020438,ca-app-pub-7891478850122465~6704621236,IN,20260427,iOS,5,0,3357,1,5
ca-app-pub-7891478850122465/6721664164,ca-app-pub-7891478850122465~6704621236,IN,20260427,iOS,3,0,0,0,3
ca-app-pub-7891478850122465/8171033829,ca-app-pub-7891478850122465~6704621236,IN,20260427,iOS,3,0,356,1,3
ca-app-pub-7891478850122465/1859860932,ca-app-pub-7891478850122465~6704621236,IT,20260427,iOS,1,0,0,0,1
ca-app-pub-7891478850122465/6565020438,ca-app-pub-7891478850122465~6704621236,IT,20260427,iOS,1,0,0,0,1
ca-app-pub-7891478850122465/6721664164,ca-app-pub-7891478850122465~6704621236,IT,20260427,iOS,1,0,0,0,1
ca-app-pub-7891478850122465/1859860932,ca-app-pub-7891478850122465~6704621236,JP,20260427,iOS,1,0,0,0,1
ca-app-pub-7891478850122465/6565020438,ca-app-pub-7891478850122465~6704621236,JP,20260427,iOS,1,0,0,0,1
ca-app-pub-7891478850122465/6721664164,ca-app-pub-7891478850122465~6704621236,JP,20260427,iOS,1,0,0,0,1
ca-app-pub-7891478850122465/8171033829,ca-app-pub-7891478850122465~6704621236,JP,20260427,iOS,2,0,2346,2,2
ca-app-pub-7891478850122465/1859860932,ca-app-pub-7891478850122465~6704621236,KW,20260427,iOS,1,0,0,0,1
ca-app-pub-7891478850122465/6565020438,ca-app-pub-7891478850122465~6704621236,KW,20260427,iOS,2,0,7679,1,2
ca-app-pub-7891478850122465/6721664164,ca-app-pub-7891478850122465~6704621236,KW,20260427,iOS,1,0,0,0,1
ca-app-pub-7891478850122465/8171033829,ca-app-pub-7891478850122465~6704621236,KW,20260427,iOS,2,1,3655,2,2
ca-app-pub-7891478850122465/1859860932,ca-app-pub-7891478850122465~6704621236,ML,20260427,iOS,1,0,0,0,1
ca-app-pub-7891478850122465/6565020438,ca-app-pub-7891478850122465~6704621236,ML,20260427,iOS,5,0,15101,3,5
ca-app-pub-7891478850122465/6721664164,ca-app-pub-7891478850122465~6704621236,ML,20260427,iOS,1,0,0,0,1
ca-app-pub-7891478850122465/8171033829,ca-app-pub-7891478850122465~6704621236,ML,20260427,iOS,3,0,845,2,3
ca-app-pub-7891478850122465/1859860932,ca-app-pub-7891478850122465~6704621236,MU,20260427,iOS,1,0,0,0,1
ca-app-pub-7891478850122465/6565020438,ca-app-pub-7891478850122465~6704621236,MU,20260427,iOS,1,0,0,0,1
ca-app-pub-7891478850122465/6721664164,ca-app-pub-7891478850122465~6704621236,MU,20260427,iOS,1,0,0,0,1
ca-app-pub-7891478850122465/8171033829,ca-app-pub-7891478850122465~6704621236,MU,20260427,iOS,1,1,584,1,1
ca-app-pub-7891478850122465/1859860932,ca-app-pub-7891478850122465~6704621236,MX,20260427,iOS,2,0,0,0,2
ca-app-pub-7891478850122465/6565020438,ca-app-pub-7891478850122465~6704621236,MX,20260427,iOS,2,0,0,0,2
ca-app-pub-7891478850122465/6721664164,ca-app-pub-7891478850122465~6704621236,MX,20260427,iOS,2,0,0,0,2
ca-app-pub-7891478850122465/1859860932,ca-app-pub-7891478850122465~6704621236,MZ,20260427,iOS,1,0,0,0,1
ca-app-pub-7891478850122465/6565020438,ca-app-pub-7891478850122465~6704621236,MZ,20260427,iOS,1,0,0,0,1
ca-app-pub-7891478850122465/6721664164,ca-app-pub-7891478850122465~6704621236,MZ,20260427,iOS,1,0,0,0,1
ca-app-pub-7891478850122465/8171033829,ca-app-pub-7891478850122465~6704621236,NG,20260427,iOS,2,0,456,1,2
ca-app-pub-7891478850122465/1859860932,ca-app-pub-7891478850122465~6704621236,NL,20260427,iOS,4,0,0,0,4
ca-app-pub-7891478850122465/6565020438,ca-app-pub-7891478850122465~6704621236,NL,20260427,iOS,4,0,0,0,4
ca-app-pub-7891478850122465/6721664164,ca-app-pub-7891478850122465~6704621236,NL,20260427,iOS,4,0,0,0,4
ca-app-pub-7891478850122465/1859860932,ca-app-pub-7891478850122465~6704621236,PH,20260427,iOS,1,0,0,0,1
ca-app-pub-7891478850122465/6565020438,ca-app-pub-7891478850122465~6704621236,PH,20260427,iOS,1,0,0,0,1
ca-app-pub-7891478850122465/6721664164,ca-app-pub-7891478850122465~6704621236,PH,20260427,iOS,1,0,0,0,1
ca-app-pub-7891478850122465/1859860932,ca-app-pub-7891478850122465~6704621236,PR,20260427,iOS,1,0,0,0,1
ca-app-pub-7891478850122465/6565020438,ca-app-pub-7891478850122465~6704621236,PR,20260427,iOS,1,0,0,0,1
ca-app-pub-7891478850122465/6721664164,ca-app-pub-7891478850122465~6704621236,PR,20260427,iOS,1,0,0,0,1
ca-app-pub-7891478850122465/8171033829,ca-app-pub-7891478850122465~6704621236,PR,20260427,iOS,1,0,223,1,1
ca-app-pub-7891478850122465/1859860932,ca-app-pub-7891478850122465~6704621236,SA,20260427,iOS,1,0,0,0,1
ca-app-pub-7891478850122465/6565020438,ca-app-pub-7891478850122465~6704621236,SA,20260427,iOS,1,0,0,0,1
ca-app-pub-7891478850122465/6721664164,ca-app-pub-7891478850122465~6704621236,SA,20260427,iOS,1,0,0,0,1
ca-app-pub-7891478850122465/6565020438,ca-app-pub-7891478850122465~6704621236,SN,20260427,iOS,20,0,0,0,20
ca-app-pub-7891478850122465/8171033829,ca-app-pub-7891478850122465~6704621236,SN,20260427,iOS,3,0,0,0,3
ca-app-pub-7891478850122465/1859860932,ca-app-pub-7891478850122465~6704621236,SY,20260427,iOS,2,0,0,0,2
ca-app-pub-7891478850122465/6565020438,ca-app-pub-7891478850122465~6704621236,SY,20260427,iOS,2,0,0,0,2
ca-app-pub-7891478850122465/6721664164,ca-app-pub-7891478850122465~6704621236,SY,20260427,iOS,2,0,0,0,2
ca-app-pub-7891478850122465/1859860932,ca-app-pub-7891478850122465~6704621236,TR,20260427,iOS,5,0,0,0,5
ca-app-pub-7891478850122465/6565020438,ca-app-pub-7891478850122465~6704621236,TR,20260427,iOS,5,0,0,0,5
ca-app-pub-7891478850122465/6721664164,ca-app-pub-7891478850122465~6704621236,TR,20260427,iOS,5,0,0,0,5
ca-app-pub-7891478850122465/8171033829,ca-app-pub-7891478850122465~6704621236,TR,20260427,iOS,1,0,0,0,1
ca-app-pub-7891478850122465/1859860932,ca-app-pub-7891478850122465~6704621236,US,20260427,iOS,54,0,0,0,54
ca-app-pub-7891478850122465/6565020438,ca-app-pub-7891478850122465~6704621236,US,20260427,iOS,55,0,0,0,55
ca-app-pub-7891478850122465/6721664164,ca-app-pub-7891478850122465~6704621236,US,20260427,iOS,54,0,0,0,54
ca-app-pub-7891478850122465/8171033829,ca-app-pub-7891478850122465~6704621236,US,20260427,iOS,15,0,95209,13,15
ca-app-pub-7891478850122465/1859860932,ca-app-pub-7891478850122465~6704621236,BE,20260428,iOS,1,0,0,0,1
ca-app-pub-7891478850122465/6565020438,ca-app-pub-7891478850122465~6704621236,BE,20260428,iOS,1,0,0,0,1
ca-app-pub-7891478850122465/6721664164,ca-app-pub-7891478850122465~6704621236,BE,20260428,iOS,1,0,0,0,1
ca-app-pub-7891478850122465/1859860932,ca-app-pub-7891478850122465~6704621236,CN,20260428,iOS,2,0,0,0,2
ca-app-pub-7891478850122465/6565020438,ca-app-pub-7891478850122465~6704621236,CN,20260428,iOS,2,0,0,0,2
ca-app-pub-7891478850122465/6721664164,ca-app-pub-7891478850122465~6704621236,CN,20260428,iOS,2,0,0,0,2
ca-app-pub-7891478850122465/8171033829,ca-app-pub-7891478850122465~6704621236,CN,20260428,iOS,6,0,2079,4,6
ca-app-pub-7891478850122465/1859860932,ca-app-pub-7891478850122465~6704621236,CO,20260428,iOS,1,0,0,0,1
ca-app-pub-7891478850122465/6565020438,ca-app-pub-7891478850122465~6704621236,CO,20260428,iOS,1,0,0,0,1
ca-app-pub-7891478850122465/6721664164,ca-app-pub-7891478850122465~6704621236,CO,20260428,iOS,1,0,0,0,1
ca-app-pub-7891478850122465/1859860932,ca-app-pub-7891478850122465~6704621236,DE,20260428,iOS,3,0,0,0,3
ca-app-pub-7891478850122465/6565020438,ca-app-pub-7891478850122465~6704621236,DE,20260428,iOS,3,0,0,0,3
ca-app-pub-7891478850122465/6721664164,ca-app-pub-7891478850122465~6704621236,DE,20260428,iOS,3,0,0,0,3
ca-app-pub-7891478850122465/8171033829,ca-app-pub-7891478850122465~6704621236,DE,20260428,iOS,1,0,0,0,1
ca-app-pub-7891478850122465/1859860932,ca-app-pub-7891478850122465~6704621236,ES,20260428,iOS,1,0,0,0,1
ca-app-pub-7891478850122465/6565020438,ca-app-pub-7891478850122465~6704621236,ES,20260428,iOS,1,0,0,0,1
ca-app-pub-7891478850122465/6721664164,ca-app-pub-7891478850122465~6704621236,ES,20260428,iOS,1,0,0,0,1
ca-app-pub-7891478850122465/1859860932,ca-app-pub-7891478850122465~6704621236,FR,20260428,iOS,1,0,0,0,1
ca-app-pub-7891478850122465/6565020438,ca-app-pub-7891478850122465~6704621236,FR,20260428,iOS,1,0,0,0,1
ca-app-pub-7891478850122465/6721664164,ca-app-pub-7891478850122465~6704621236,FR,20260428,iOS,1,0,0,0,1
ca-app-pub-7891478850122465/1859860932,ca-app-pub-7891478850122465~6704621236,GB,20260428,iOS,1,0,0,0,1
ca-app-pub-7891478850122465/6565020438,ca-app-pub-7891478850122465~6704621236,GB,20260428,iOS,1,0,0,0,1
ca-app-pub-7891478850122465/6721664164,ca-app-pub-7891478850122465~6704621236,GB,20260428,iOS,1,0,0,0,1
ca-app-pub-7891478850122465/1859860932,ca-app-pub-7891478850122465~6704621236,IE,20260428,iOS,2,0,0,0,2
ca-app-pub-7891478850122465/6565020438,ca-app-pub-7891478850122465~6704621236,IE,20260428,iOS,2,0,0,0,2
ca-app-pub-7891478850122465/6721664164,ca-app-pub-7891478850122465~6704621236,IE,20260428,iOS,2,0,0,0,2
ca-app-pub-7891478850122465/1859860932,ca-app-pub-7891478850122465~6704621236,IN,20260428,iOS,2,0,0,0,2
ca-app-pub-7891478850122465/6565020438,ca-app-pub-7891478850122465~6704621236,IN,20260428,iOS,2,0,0,0,2
ca-app-pub-7891478850122465/6721664164,ca-app-pub-7891478850122465~6704621236,IN,20260428,iOS,2,0,0,0,2
ca-app-pub-7891478850122465/8171033829,ca-app-pub-7891478850122465~6704621236,IN,20260428,iOS,2,0,1031,2,2
ca-app-pub-7891478850122465/1859860932,ca-app-pub-7891478850122465~6704621236,IS,20260428,iOS,5,0,0,0,5
ca-app-pub-7891478850122465/6565020438,ca-app-pub-7891478850122465~6704621236,IS,20260428,iOS,5,0,0,0,5
ca-app-pub-7891478850122465/6721664164,ca-app-pub-7891478850122465~6704621236,IS,20260428,iOS,5,0,0,0,5
ca-app-pub-7891478850122465/1859860932,ca-app-pub-7891478850122465~6704621236,IT,20260428,iOS,1,0,0,0,1
ca-app-pub-7891478850122465/6565020438,ca-app-pub-7891478850122465~6704621236,IT,20260428,iOS,1,0,0,0,1
ca-app-pub-7891478850122465/6721664164,ca-app-pub-7891478850122465~6704621236,IT,20260428,iOS,1,0,0,0,1
ca-app-pub-7891478850122465/1859860932,ca-app-pub-7891478850122465~6704621236,JP,20260428,iOS,1,0,0,0,1
ca-app-pub-7891478850122465/6565020438,ca-app-pub-7891478850122465~6704621236,JP,20260428,iOS,1,0,0,0,1
ca-app-pub-7891478850122465/6721664164,ca-app-pub-7891478850122465~6704621236,JP,20260428,iOS,1,0,0,0,1
ca-app-pub-7891478850122465/8171033829,ca-app-pub-7891478850122465~6704621236,JP,20260428,iOS,1,0,2775,1,1
ca-app-pub-7891478850122465/1859860932,ca-app-pub-7891478850122465~6704621236,MX,20260428,iOS,3,0,0,0,3
ca-app-pub-7891478850122465/6565020438,ca-app-pub-7891478850122465~6704621236,MX,20260428,iOS,4,0,6292,1,4
ca-app-pub-7891478850122465/6721664164,ca-app-pub-7891478850122465~6704621236,MX,20260428,iOS,3,0,0,0,3
ca-app-pub-7891478850122465/8171033829,ca-app-pub-7891478850122465~6704621236,MX,20260428,iOS,5,1,2332,3,5
ca-app-pub-7891478850122465/1859860932,ca-app-pub-7891478850122465~6704621236,MZ,20260428,iOS,1,0,0,0,1
ca-app-pub-7891478850122465/6565020438,ca-app-pub-7891478850122465~6704621236,MZ,20260428,iOS,1,0,0,0,1
ca-app-pub-7891478850122465/6721664164,ca-app-pub-7891478850122465~6704621236,MZ,20260428,iOS,1,0,0,0,1
ca-app-pub-7891478850122465/8171033829,ca-app-pub-7891478850122465~6704621236,MZ,20260428,iOS,1,0,622,1,1
ca-app-pub-7891478850122465/1859860932,ca-app-pub-7891478850122465~6704621236,NA,20260428,iOS,1,0,0,0,1
ca-app-pub-7891478850122465/6565020438,ca-app-pub-7891478850122465~6704621236,NA,20260428,iOS,1,0,0,0,1
ca-app-pub-7891478850122465/6721664164,ca-app-pub-7891478850122465~6704621236,NA,20260428,iOS,1,0,0,0,1
ca-app-pub-7891478850122465/1859860932,ca-app-pub-7891478850122465~6704621236,NG,20260428,iOS,2,0,0,0,2
ca-app-pub-7891478850122465/6565020438,ca-app-pub-7891478850122465~6704621236,NG,20260428,iOS,2,0,0,0,2
ca-app-pub-7891478850122465/6721664164,ca-app-pub-7891478850122465~6704621236,NG,20260428,iOS,2,0,0,0,2
ca-app-pub-7891478850122465/1859860932,ca-app-pub-7891478850122465~6704621236,NZ,20260428,iOS,1,0,0,0,1
ca-app-pub-7891478850122465/6565020438,ca-app-pub-7891478850122465~6704621236,NZ,20260428,iOS,1,0,0,0,1
ca-app-pub-7891478850122465/6721664164,ca-app-pub-7891478850122465~6704621236,NZ,20260428,iOS,1,0,0,0,1
ca-app-pub-7891478850122465/1859860932,ca-app-pub-7891478850122465~6704621236,PR,20260428,iOS,1,0,0,0,1
ca-app-pub-7891478850122465/6565020438,ca-app-pub-7891478850122465~6704621236,PR,20260428,iOS,1,0,0,0,1
ca-app-pub-7891478850122465/6721664164,ca-app-pub-7891478850122465~6704621236,PR,20260428,iOS,1,0,0,0,1
ca-app-pub-7891478850122465/8171033829,ca-app-pub-7891478850122465~6704621236,PR,20260428,iOS,1,0,218,1,1
ca-app-pub-7891478850122465/1859860932,ca-app-pub-7891478850122465~6704621236,RO,20260428,iOS,1,0,0,0,1
ca-app-pub-7891478850122465/6565020438,ca-app-pub-7891478850122465~6704621236,RO,20260428,iOS,1,0,0,0,1
ca-app-pub-7891478850122465/6721664164,ca-app-pub-7891478850122465~6704621236,RO,20260428,iOS,1,0,0,0,1
ca-app-pub-7891478850122465/1859860932,ca-app-pub-7891478850122465~6704621236,SA,20260428,iOS,2,0,0,0,2
ca-app-pub-7891478850122465/6565020438,ca-app-pub-7891478850122465~6704621236,SA,20260428,iOS,2,0,0,0,2
ca-app-pub-7891478850122465/6721664164,ca-app-pub-7891478850122465~6704621236,SA,20260428,iOS,2,0,0,0,2
ca-app-pub-7891478850122465/1859860932,ca-app-pub-7891478850122465~6704621236,TR,20260428,iOS,4,0,0,0,4
ca-app-pub-7891478850122465/6565020438,ca-app-pub-7891478850122465~6704621236,TR,20260428,iOS,4,0,0,0,4
ca-app-pub-7891478850122465/6721664164,ca-app-pub-7891478850122465~6704621236,TR,20260428,iOS,4,0,0,0,4
ca-app-pub-7891478850122465/8171033829,ca-app-pub-7891478850122465~6704621236,TR,20260428,iOS,1,0,295,1,1
ca-app-pub-7891478850122465/1859860932,ca-app-pub-7891478850122465~6704621236,US,20260428,iOS,59,0,0,0,59
ca-app-pub-7891478850122465/6565020438,ca-app-pub-7891478850122465~6704621236,US,20260428,iOS,61,0,0,0,61
ca-app-pub-7891478850122465/6721664164,ca-app-pub-7891478850122465~6704621236,US,20260428,iOS,59,0,0,0,59
ca-app-pub-7891478850122465/8171033829,ca-app-pub-7891478850122465~6704621236,US,20260428,iOS,3,0,4320,1,3
ca-app-pub-7891478850122465/1859860932,ca-app-pub-7891478850122465~6704621236,ZA,20260428,iOS,2,0,0,0,2
ca-app-pub-7891478850122465/6565020438,ca-app-pub-7891478850122465~6704621236,ZA,20260428,iOS,3,0,0,0,3
ca-app-pub-7891478850122465/6721664164,ca-app-pub-7891478850122465~6704621236,ZA,20260428,iOS,2,0,0,0,2
ca-app-pub-7891478850122465/1859860932,ca-app-pub-7891478850122465~6704621236,AE,20260429,iOS,1,0,0,0,1
ca-app-pub-7891478850122465/6565020438,ca-app-pub-7891478850122465~6704621236,AE,20260429,iOS,13,0,0,0,13
ca-app-pub-7891478850122465/6721664164,ca-app-pub-7891478850122465~6704621236,AE,20260429,iOS,1,0,0,0,1
ca-app-pub-7891478850122465/8171033829,ca-app-pub-7891478850122465~6704621236,AE,20260429,iOS,6,0,36806,6,6
ca-app-pub-7891478850122465/1859860932,ca-app-pub-7891478850122465~6704621236,AF,20260429,iOS,4,0,0,0,4
ca-app-pub-7891478850122465/6565020438,ca-app-pub-7891478850122465~6704621236,AF,20260429,iOS,4,0,0,0,4
ca-app-pub-7891478850122465/6721664164,ca-app-pub-7891478850122465~6704621236,AF,20260429,iOS,4,0,0,0,4
ca-app-pub-7891478850122465/1859860932,ca-app-pub-7891478850122465~6704621236,AO,20260429,iOS,1,0,0,0,1
ca-app-pub-7891478850122465/6565020438,ca-app-pub-7891478850122465~6704621236,AO,20260429,iOS,1,0,0,0,1
ca-app-pub-7891478850122465/6721664164,ca-app-pub-7891478850122465~6704621236,AO,20260429,iOS,1,0,0,0,1
ca-app-pub-7891478850122465/8171033829,ca-app-pub-7891478850122465~6704621236,DE,20260429,iOS,1,0,0,0,1
ca-app-pub-7891478850122465/1859860932,ca-app-pub-7891478850122465~6704621236,DZ,20260429,iOS,1,0,0,0,1
ca-app-pub-7891478850122465/6565020438,ca-app-pub-7891478850122465~6704621236,DZ,20260429,iOS,1,0,0,0,1
ca-app-pub-7891478850122465/6721664164,ca-app-pub-7891478850122465~6704621236,DZ,20260429,iOS,1,0,0,0,1
ca-app-pub-7891478850122465/8171033829,ca-app-pub-7891478850122465~6704621236,DZ,20260429,iOS,1,0,187,1,1
ca-app-pub-7891478850122465/1859860932,ca-app-pub-7891478850122465~6704621236,IN,20260429,iOS,2,0,0,0,2
ca-app-pub-7891478850122465/6565020438,ca-app-pub-7891478850122465~6704621236,IN,20260429,iOS,2,0,0,0,2
ca-app-pub-7891478850122465/6721664164,ca-app-pub-7891478850122465~6704621236,IN,20260429,iOS,2,0,0,0,2
ca-app-pub-7891478850122465/1859860932,ca-app-pub-7891478850122465~6704621236,NG,20260429,iOS,2,0,0,0,2
ca-app-pub-7891478850122465/6565020438,ca-app-pub-7891478850122465~6704621236,NG,20260429,iOS,2,0,0,0,2
ca-app-pub-7891478850122465/6721664164,ca-app-pub-7891478850122465~6704621236,NG,20260429,iOS,2,0,0,0,2
ca-app-pub-7891478850122465/8171033829,ca-app-pub-7891478850122465~6704621236,NG,20260429,iOS,1,0,776,1,1
ca-app-pub-7891478850122465/1859860932,ca-app-pub-7891478850122465~6704621236,NL,20260429,iOS,1,0,0,0,1
ca-app-pub-7891478850122465/6565020438,ca-app-pub-7891478850122465~6704621236,NL,20260429,iOS,1,0,0,0,1
ca-app-pub-7891478850122465/6721664164,ca-app-pub-7891478850122465~6704621236,NL,20260429,iOS,1,0,0,0,1
ca-app-pub-7891478850122465/1859860932,ca-app-pub-7891478850122465~6704621236,PR,20260429,iOS,1,0,0,0,1
ca-app-pub-7891478850122465/6565020438,ca-app-pub-7891478850122465~6704621236,PR,20260429,iOS,1,0,0,0,1
ca-app-pub-7891478850122465/6721664164,ca-app-pub-7891478850122465~6704621236,PR,20260429,iOS,1,0,0,0,1
ca-app-pub-7891478850122465/1859860932,ca-app-pub-7891478850122465~6704621236,US,20260429,iOS,10,0,0,0,10
ca-app-pub-7891478850122465/6565020438,ca-app-pub-7891478850122465~6704621236,US,20260429,iOS,10,0,0,0,10
ca-app-pub-7891478850122465/6721664164,ca-app-pub-7891478850122465~6704621236,US,20260429,iOS,10,0,0,0,10
ca-app-pub-7891478850122465/1859860932,ca-app-pub-7891478850122465~6704621236,ZA,20260429,iOS,2,0,0,0,2
ca-app-pub-7891478850122465/6565020438,ca-app-pub-7891478850122465~6704621236,ZA,20260429,iOS,1,0,0,0,1
ca-app-pub-7891478850122465/6721664164,ca-app-pub-7891478850122465~6704621236,ZA,20260429,iOS,2,0,0,0,2
